Fecha,Printer,Shift,Hora,Producción x hora,Producción acumulada,Retrac-x-hora,Retrac acumulado,Blow of
2026-07-12,L1,5AM-5PM,5 a 6,45596,45596,23,23,25
2026-07-12,L1,5AM-5PM,6 a 7,54835,100431,2,25,2
2026-07-12,L1,5AM-5PM,7 a 8,58334,158765,2,27,6
2026-07-12,L1,5AM-5PM,8 a 9,61212,219977,4,31,7
2026-07-12,L1,5AM-5PM,9 a 10,61226,281203,2,33,8
2026-07-12,L1,5AM-5PM,10 a 11,59287,340490,6,39,4
2026-07-12,L1,5AM-5PM,11 a 12,60670,401160,2,41,22
2026-07-12,L1,5AM-5PM,12 a 1,56359,457519,37,78,12
2026-07-12,L1,5AM-5PM,1 a 2,59470,516989,9,87,6
2026-07-12,L1,5AM-5PM,2 a 3,63795,580784,9,96,8
2026-07-12,L1,5AM-5PM,3 a 4,57268,638052,5,101,10
2026-07-12,L1,5AM-5PM,4 a 5,61743,699795,5,106,4
2026-07-12,L1,5PM-5AM,5 a 6,45935,45935,24,24,25
2026-07-12,L1,5PM-5AM,6 a 7,53679,99614,0,24,1
2026-07-12,L1,5PM-5AM,7 a 8,58987,158601,1,25,3
2026-07-12,L1,5PM-5AM,8 a 9,58535,217136,6,31,8
2026-07-12,L1,5PM-5AM,9 a 10,62086,279222,6,37,8
2026-07-12,L1,5PM-5AM,10 a 11,60005,339227,3,40,6
2026-07-12,L1,5PM-5AM,11 a 12,58726,397953,6,46,21
2026-07-12,L1,5PM-5AM,12 a 1,55537,453490,33,79,13
2026-07-12,L1,5PM-5AM,1 a 2,58289,511779,12,91,7
2026-07-12,L1,5PM-5AM,2 a 3,62365,574144,9,100,5
2026-07-12,L1,5PM-5AM,3 a 4,60398,634542,6,106,8
2026-07-12,L1,5PM-5AM,4 a 5,61465,696007,4,110,3
2026-07-12,L31,5AM-5PM,5 a 6,44752,44752,21,21,24
2026-07-12,L31,5AM-5PM,6 a 7,54252,99004,0,21,4
2026-07-12,L31,5AM-5PM,7 a 8,57425,156429,5,26,6
2026-07-12,L31,5AM-5PM,8 a 9,59778,216207,5,31,7
2026-07-12,L31,5AM-5PM,9 a 10,62201,278408,1,32,7
2026-07-12,L31,5AM-5PM,10 a 11,60155,338563,7,39,4
2026-07-12,L31,5AM-5PM,11 a 12,60933,399496,7,46,22
2026-07-12,L31,5AM-5PM,12 a 1,58245,457741,33,79,11
2026-07-12,L31,5AM-5PM,1 a 2,60204,517945,11,90,7
2026-07-12,L31,5AM-5PM,2 a 3,61142,579087,12,102,9
2026-07-12,L31,5AM-5PM,3 a 4,59059,638146,6,108,10
2026-07-12,L31,5AM-5PM,4 a 5,58606,696752,7,115,5
2026-07-12,L31,5PM-5AM,5 a 6,44746,44746,26,26,24
2026-07-12,L31,5PM-5AM,6 a 7,54488,99234,0,26,2
2026-07-12,L31,5PM-5AM,7 a 8,58601,157835,5,31,5
2026-07-12,L31,5PM-5AM,8 a 9,61389,219224,6,37,7
2026-07-12,L31,5PM-5AM,9 a 10,62846,282070,4,41,5
2026-07-12,L31,5PM-5AM,10 a 11,60010,342080,8,49,2
2026-07-12,L31,5PM-5AM,11 a 12,61519,403599,2,51,23
2026-07-12,L31,5PM-5AM,12 a 1,54827,458426,37,88,10
2026-07-12,L31,5PM-5AM,1 a 2,59056,517482,10,98,3
2026-07-12,L31,5PM-5AM,2 a 3,60893,578375,14,112,9
2026-07-12,L31,5PM-5AM,3 a 4,58385,636760,6,118,6
2026-07-12,L31,5PM-5AM,4 a 5,61497,698257,7,125,1
2026-07-12,L32,5AM-5PM,5 a 6,44982,44982,24,24,22
2026-07-12,L32,5AM-5PM,6 a 7,54968,99950,0,24,1
2026-07-12,L32,5AM-5PM,7 a 8,57470,157420,0,24,2
2026-07-12,L32,5AM-5PM,8 a 9,59900,217320,5,29,5
2026-07-12,L32,5AM-5PM,9 a 10,58202,275522,6,35,8
2026-07-12,L32,5AM-5PM,10 a 11,61576,337098,5,40,4
2026-07-12,L32,5AM-5PM,11 a 12,61373,398471,6,46,23
2026-07-12,L32,5AM-5PM,12 a 1,55658,454129,34,80,12
2026-07-12,L32,5AM-5PM,1 a 2,60714,514843,8,88,6
2026-07-12,L32,5AM-5PM,2 a 3,62152,576995,11,99,9
2026-07-12,L32,5AM-5PM,3 a 4,59201,636196,7,106,8
2026-07-12,L32,5AM-5PM,4 a 5,61429,697625,5,111,3
2026-07-12,L32,5PM-5AM,5 a 6,44357,44357,24,24,21
2026-07-12,L32,5PM-5AM,6 a 7,56315,100672,0,24,2
2026-07-12,L32,5PM-5AM,7 a 8,58578,159250,0,24,2
2026-07-12,L32,5PM-5AM,8 a 9,61111,220361,4,28,5
2026-07-12,L32,5PM-5AM,9 a 10,62176,282537,2,30,5
2026-07-12,L32,5PM-5AM,10 a 11,58323,340860,6,36,5
2026-07-12,L32,5PM-5AM,11 a 12,60575,401435,4,40,20
2026-07-12,L32,5PM-5AM,12 a 1,57001,458436,33,73,12
2026-07-12,L32,5PM-5AM,1 a 2,61079,519515,11,84,3
2026-07-12,L32,5PM-5AM,2 a 3,62066,581581,12,96,7
2026-07-12,L32,5PM-5AM,3 a 4,60724,642305,9,105,6
2026-07-12,L32,5PM-5AM,4 a 5,62546,704851,6,111,1
2026-07-13,L1,5AM-5PM,5 a 6,47238,47238,25,25,21
2026-07-13,L1,5AM-5PM,6 a 7,55568,102806,1,26,1
2026-07-13,L1,5AM-5PM,7 a 8,57995,160801,3,29,4
2026-07-13,L1,5AM-5PM,8 a 9,59541,220342,3,32,4
2026-07-13,L1,5AM-5PM,9 a 10,61961,282303,6,38,9
2026-07-13,L1,5AM-5PM,10 a 11,63473,345776,5,43,4
2026-07-13,L1,5AM-5PM,11 a 12,58177,403953,2,45,23
2026-07-13,L1,5AM-5PM,12 a 1,55384,459337,33,78,14
2026-07-13,L1,5AM-5PM,1 a 2,60095,519432,11,89,5
2026-07-13,L1,5AM-5PM,2 a 3,59616,579048,9,98,5
2026-07-13,L1,5AM-5PM,3 a 4,59687,638735,9,107,10
2026-07-13,L1,5AM-5PM,4 a 5,60628,699363,9,116,3
2026-07-13,L1,5PM-5AM,5 a 6,45727,45727,23,23,24
2026-07-13,L1,5PM-5AM,6 a 7,52667,98394,0,23,4
2026-07-13,L1,5PM-5AM,7 a 8,56984,155378,0,23,4
2026-07-13,L1,5PM-5AM,8 a 9,58183,213561,4,27,4
2026-07-13,L1,5PM-5AM,9 a 10,62515,276076,3,30,6
2026-07-13,L1,5PM-5AM,10 a 11,59398,335474,8,38,3
2026-07-13,L1,5PM-5AM,11 a 12,59474,394948,3,41,20
2026-07-13,L1,5PM-5AM,12 a 1,55168,450116,33,74,10
2026-07-13,L1,5PM-5AM,1 a 2,58950,509066,12,86,4
2026-07-13,L1,5PM-5AM,2 a 3,63158,572224,10,96,7
2026-07-13,L1,5PM-5AM,3 a 4,60488,632712,7,103,7
2026-07-13,L1,5PM-5AM,4 a 5,58677,691389,4,107,4
2026-07-13,L31,5AM-5PM,5 a 6,45685,45685,26,26,24
2026-07-13,L31,5AM-5PM,6 a 7,56362,102047,0,26,4
2026-07-13,L31,5AM-5PM,7 a 8,56128,158175,5,31,4
2026-07-13,L31,5AM-5PM,8 a 9,62400,220575,3,34,5
2026-07-13,L31,5AM-5PM,9 a 10,59054,279629,2,36,6
2026-07-13,L31,5AM-5PM,10 a 11,60228,339857,8,44,2
2026-07-13,L31,5AM-5PM,11 a 12,59429,399286,2,46,24
2026-07-13,L31,5AM-5PM,12 a 1,55999,455285,36,82,13
2026-07-13,L31,5AM-5PM,1 a 2,60043,515328,13,95,7
2026-07-13,L31,5AM-5PM,2 a 3,62122,577450,12,107,7
2026-07-13,L31,5AM-5PM,3 a 4,61336,638786,8,115,7
2026-07-13,L31,5AM-5PM,4 a 5,61394,700180,7,122,2
2026-07-13,L31,5PM-5AM,5 a 6,46257,46257,23,23,24
2026-07-13,L31,5PM-5AM,6 a 7,54246,100503,0,23,2
2026-07-13,L31,5PM-5AM,7 a 8,58605,159108,4,27,2
2026-07-13,L31,5PM-5AM,8 a 9,61038,220146,4,31,5
2026-07-13,L31,5PM-5AM,9 a 10,60631,280777,6,37,5
2026-07-13,L31,5PM-5AM,10 a 11,59017,339794,7,44,6
2026-07-13,L31,5PM-5AM,11 a 12,60825,400619,6,50,24
2026-07-13,L31,5PM-5AM,12 a 1,59093,459712,35,85,13
2026-07-13,L31,5PM-5AM,1 a 2,58680,518392,13,98,3
2026-07-13,L31,5PM-5AM,2 a 3,61774,580166,13,111,8
2026-07-13,L31,5PM-5AM,3 a 4,60232,640398,7,118,7
2026-07-13,L31,5PM-5AM,4 a 5,61329,701727,5,123,5
2026-07-13,L32,5AM-5PM,5 a 6,43447,43447,26,26,25
2026-07-13,L32,5AM-5PM,6 a 7,54874,98321,0,26,2
2026-07-13,L32,5AM-5PM,7 a 8,58002,156323,4,30,6
2026-07-13,L32,5AM-5PM,8 a 9,60907,217230,6,36,5
2026-07-13,L32,5AM-5PM,9 a 10,61283,278513,3,39,8
2026-07-13,L32,5AM-5PM,10 a 11,59338,337851,6,45,3
2026-07-13,L32,5AM-5PM,11 a 12,59259,397110,6,51,22
2026-07-13,L32,5AM-5PM,12 a 1,56645,453755,35,86,14
2026-07-13,L32,5AM-5PM,1 a 2,61464,515219,9,95,5
2026-07-13,L32,5AM-5PM,2 a 3,62036,577255,12,107,9
2026-07-13,L32,5AM-5PM,3 a 4,59117,636372,8,115,7
2026-07-13,L32,5AM-5PM,4 a 5,60649,697021,5,120,2
2026-07-13,L32,5PM-5AM,5 a 6,43515,43515,24,24,22
2026-07-13,L32,5PM-5AM,6 a 7,54011,97526,2,26,2
2026-07-13,L32,5PM-5AM,7 a 8,59079,156605,3,29,2
2026-07-13,L32,5PM-5AM,8 a 9,60368,216973,7,36,8
2026-07-13,L32,5PM-5AM,9 a 10,60206,277179,1,37,7
2026-07-13,L32,5PM-5AM,10 a 11,59128,336307,3,40,4
2026-07-13,L32,5PM-5AM,11 a 12,58355,394662,7,47,24
2026-07-13,L32,5PM-5AM,12 a 1,54936,449598,36,83,10
2026-07-13,L32,5PM-5AM,1 a 2,61473,511071,10,93,3
2026-07-13,L32,5PM-5AM,2 a 3,62529,573600,14,107,5
2026-07-13,L32,5PM-5AM,3 a 4,59309,632909,4,111,10
2026-07-13,L32,5PM-5AM,4 a 5,64304,697213,6,117,3
2026-07-14,L1,5AM-5PM,5 a 6,45388,45388,24,24,23
2026-07-14,L1,5AM-5PM,6 a 7,54844,100232,0,24,5
2026-07-14,L1,5AM-5PM,7 a 8,58242,158474,3,27,4
2026-07-14,L1,5AM-5PM,8 a 9,59035,217509,7,34,7
2026-07-14,L1,5AM-5PM,9 a 10,63376,280885,4,38,5
2026-07-14,L1,5AM-5PM,10 a 11,60285,341170,4,42,3
2026-07-14,L1,5AM-5PM,11 a 12,59514,400684,7,49,24
2026-07-14,L1,5AM-5PM,12 a 1,56692,457376,34,83,10
2026-07-14,L1,5AM-5PM,1 a 2,60770,518146,12,95,7
2026-07-14,L1,5AM-5PM,2 a 3,62547,580693,13,108,7
2026-07-14,L1,5AM-5PM,3 a 4,60972,641665,9,117,9
2026-07-14,L1,5AM-5PM,4 a 5,60684,702349,4,121,1
2026-07-14,L1,5PM-5AM,5 a 6,42909,42909,24,24,23
2026-07-14,L1,5PM-5AM,6 a 7,56283,99192,2,26,4
2026-07-14,L1,5PM-5AM,7 a 8,55556,154748,1,27,4
2026-07-14,L1,5PM-5AM,8 a 9,61884,216632,8,35,6
2026-07-14,L1,5PM-5AM,9 a 10,60511,277143,6,41,6
2026-07-14,L1,5PM-5AM,10 a 11,58010,335153,6,47,5
2026-07-14,L1,5PM-5AM,11 a 12,61277,396430,2,49,22
2026-07-14,L1,5PM-5AM,12 a 1,57043,453473,37,86,13
2026-07-14,L1,5PM-5AM,1 a 2,59970,513443,8,94,3
2026-07-14,L1,5PM-5AM,2 a 3,61982,575425,9,103,9
2026-07-14,L1,5PM-5AM,3 a 4,59783,635208,6,109,9
2026-07-14,L1,5PM-5AM,4 a 5,61580,696788,8,117,4
2026-07-14,L31,5AM-5PM,5 a 6,45568,45568,22,22,21
2026-07-14,L31,5AM-5PM,6 a 7,55065,100633,0,22,1
2026-07-14,L31,5AM-5PM,7 a 8,59440,160073,0,22,4
2026-07-14,L31,5AM-5PM,8 a 9,62179,222252,6,28,5
2026-07-14,L31,5AM-5PM,9 a 10,63827,286079,2,30,8
2026-07-14,L31,5AM-5PM,10 a 11,58831,344910,6,36,3
2026-07-14,L31,5AM-5PM,11 a 12,58878,403788,5,41,23
2026-07-14,L31,5AM-5PM,12 a 1,55730,459518,37,78,10
2026-07-14,L31,5AM-5PM,1 a 2,59712,519230,8,86,3
2026-07-14,L31,5AM-5PM,2 a 3,59508,578738,9,95,9
2026-07-14,L31,5AM-5PM,3 a 4,60385,639123,8,103,10
2026-07-14,L31,5AM-5PM,4 a 5,61564,700687,9,112,3
2026-07-14,L31,5PM-5AM,5 a 6,45890,45890,22,22,22
2026-07-14,L31,5PM-5AM,6 a 7,56771,102661,3,25,2
2026-07-14,L31,5PM-5AM,7 a 8,56522,159183,0,25,2
2026-07-14,L31,5PM-5AM,8 a 9,60227,219410,4,29,4
2026-07-14,L31,5PM-5AM,9 a 10,62846,282256,1,30,7
2026-07-14,L31,5PM-5AM,10 a 11,58987,341243,5,35,2
2026-07-14,L31,5PM-5AM,11 a 12,60363,401606,4,39,20
2026-07-14,L31,5PM-5AM,12 a 1,57885,459491,37,76,13
2026-07-14,L31,5PM-5AM,1 a 2,60106,519597,12,88,7
2026-07-14,L31,5PM-5AM,2 a 3,61556,581153,13,101,6
2026-07-14,L31,5PM-5AM,3 a 4,59160,640313,9,110,6
2026-07-14,L31,5PM-5AM,4 a 5,61147,701460,9,119,1
2026-07-14,L32,5AM-5PM,5 a 6,45144,45144,26,26,21
2026-07-14,L32,5AM-5PM,6 a 7,55617,100761,0,26,2
2026-07-14,L32,5AM-5PM,7 a 8,57007,157768,1,27,3
2026-07-14,L32,5AM-5PM,8 a 9,59636,217404,4,31,6
2026-07-14,L32,5AM-5PM,9 a 10,62615,280019,6,37,8
2026-07-14,L32,5AM-5PM,10 a 11,59881,339900,7,44,4
2026-07-14,L32,5AM-5PM,11 a 12,59276,399176,6,50,24
2026-07-14,L32,5AM-5PM,12 a 1,56078,455254,38,88,11
2026-07-14,L32,5AM-5PM,1 a 2,60343,515597,9,97,4
2026-07-14,L32,5AM-5PM,2 a 3,61559,577156,10,107,7
2026-07-14,L32,5AM-5PM,3 a 4,60001,637157,4,111,6
2026-07-14,L32,5AM-5PM,4 a 5,59856,697013,7,118,2
2026-07-14,L32,5PM-5AM,5 a 6,42956,42956,25,25,22
2026-07-14,L32,5PM-5AM,6 a 7,54934,97890,3,28,5
2026-07-14,L32,5PM-5AM,7 a 8,56623,154513,2,30,4
2026-07-14,L32,5PM-5AM,8 a 9,59278,213791,5,35,4
2026-07-14,L32,5PM-5AM,9 a 10,64010,277801,3,38,8
2026-07-14,L32,5PM-5AM,10 a 11,58478,336279,6,44,2
2026-07-14,L32,5PM-5AM,11 a 12,60425,396704,6,50,21
2026-07-14,L32,5PM-5AM,12 a 1,57546,454250,37,87,11
2026-07-14,L32,5PM-5AM,1 a 2,60839,515089,9,96,6
2026-07-14,L32,5PM-5AM,2 a 3,60866,575955,10,106,9
2026-07-14,L32,5PM-5AM,3 a 4,59761,635716,8,114,6
2026-07-14,L32,5PM-5AM,4 a 5,59814,695530,7,121,2
2026-07-15,L1,5AM-5PM,5 a 6,43538,43538,22,22,21
2026-07-15,L1,5AM-5PM,6 a 7,53608,97146,0,22,3
2026-07-15,L1,5AM-5PM,7 a 8,59021,156167,0,22,4
2026-07-15,L1,5AM-5PM,8 a 9,59256,215423,7,29,7
2026-07-15,L1,5AM-5PM,9 a 10,60544,275967,6,35,6
2026-07-15,L1,5AM-5PM,10 a 11,58327,334294,6,41,3
2026-07-15,L1,5AM-5PM,11 a 12,61521,395815,7,48,22
2026-07-15,L1,5AM-5PM,12 a 1,55215,451030,36,84,14
2026-07-15,L1,5AM-5PM,1 a 2,59671,510701,10,94,3
2026-07-15,L1,5AM-5PM,2 a 3,62582,573283,13,107,8
2026-07-15,L1,5AM-5PM,3 a 4,58925,632208,7,114,6
2026-07-15,L1,5AM-5PM,4 a 5,59103,691311,4,118,5
2026-07-15,L1,5PM-5AM,5 a 6,47024,47024,23,23,21
2026-07-15,L1,5PM-5AM,6 a 7,56057,103081,2,25,2
2026-07-15,L1,5PM-5AM,7 a 8,58092,161173,1,26,2
2026-07-15,L1,5PM-5AM,8 a 9,58967,220140,6,32,6
2026-07-15,L1,5PM-5AM,9 a 10,59373,279513,4,36,6
2026-07-15,L1,5PM-5AM,10 a 11,58437,337950,4,40,4
2026-07-15,L1,5PM-5AM,11 a 12,58822,396772,7,47,24
2026-07-15,L1,5PM-5AM,12 a 1,57075,453847,38,85,13
2026-07-15,L1,5PM-5AM,1 a 2,61056,514903,13,98,3
2026-07-15,L1,5PM-5AM,2 a 3,61674,576577,14,112,7
2026-07-15,L1,5PM-5AM,3 a 4,60379,636956,6,118,7
2026-07-15,L1,5PM-5AM,4 a 5,61398,698354,6,124,5
2026-07-15,L31,5AM-5PM,5 a 6,44205,44205,26,26,24
2026-07-15,L31,5AM-5PM,6 a 7,55684,99889,0,26,4
2026-07-15,L31,5AM-5PM,7 a 8,56047,155936,0,26,3
2026-07-15,L31,5AM-5PM,8 a 9,60057,215993,8,34,8
2026-07-15,L31,5AM-5PM,9 a 10,62117,278110,5,39,7
2026-07-15,L31,5AM-5PM,10 a 11,59812,337922,5,44,2
2026-07-15,L31,5AM-5PM,11 a 12,59603,397525,6,50,21
2026-07-15,L31,5AM-5PM,12 a 1,53834,451359,36,86,11
2026-07-15,L31,5AM-5PM,1 a 2,61307,512666,8,94,7
2026-07-15,L31,5AM-5PM,2 a 3,60808,573474,9,103,5
2026-07-15,L31,5AM-5PM,3 a 4,59614,633088,9,112,8
2026-07-15,L31,5AM-5PM,4 a 5,59172,692260,9,121,1
2026-07-15,L31,5PM-5AM,5 a 6,45541,45541,22,22,25
2026-07-15,L31,5PM-5AM,6 a 7,55772,101313,0,22,1
2026-07-15,L31,5PM-5AM,7 a 8,57390,158703,0,22,5
2026-07-15,L31,5PM-5AM,8 a 9,58510,217213,7,29,6
2026-07-15,L31,5PM-5AM,9 a 10,60487,277700,6,35,7
2026-07-15,L31,5PM-5AM,10 a 11,60505,338205,7,42,6
2026-07-15,L31,5PM-5AM,11 a 12,61152,399357,3,45,23
2026-07-15,L31,5PM-5AM,12 a 1,57641,456998,33,78,14
2026-07-15,L31,5PM-5AM,1 a 2,62151,519149,13,91,5
2026-07-15,L31,5PM-5AM,2 a 3,62489,581638,13,104,5
2026-07-15,L31,5PM-5AM,3 a 4,59722,641360,4,108,6
2026-07-15,L31,5PM-5AM,4 a 5,62411,703771,4,112,2
2026-07-15,L32,5AM-5PM,5 a 6,46070,46070,23,23,23
2026-07-15,L32,5AM-5PM,6 a 7,55114,101184,3,26,3
2026-07-15,L32,5AM-5PM,7 a 8,56226,157410,3,29,6
2026-07-15,L32,5AM-5PM,8 a 9,61372,218782,3,32,7
2026-07-15,L32,5AM-5PM,9 a 10,61775,280557,5,37,5
2026-07-15,L32,5AM-5PM,10 a 11,61699,342256,3,40,6
2026-07-15,L32,5AM-5PM,11 a 12,61496,403752,7,47,23
2026-07-15,L32,5AM-5PM,12 a 1,55373,459125,38,85,11
2026-07-15,L32,5AM-5PM,1 a 2,60674,519799,8,93,7
2026-07-15,L32,5AM-5PM,2 a 3,61900,581699,12,105,9
2026-07-15,L32,5AM-5PM,3 a 4,59377,641076,8,113,10
2026-07-15,L32,5AM-5PM,4 a 5,59226,700302,8,121,4
2026-07-15,L32,5PM-5AM,5 a 6,46156,46156,23,23,23
2026-07-15,L32,5PM-5AM,6 a 7,56168,102324,1,24,4
2026-07-15,L32,5PM-5AM,7 a 8,58861,161185,3,27,4
2026-07-15,L32,5PM-5AM,8 a 9,61881,223066,8,35,5
2026-07-15,L32,5PM-5AM,9 a 10,59787,282853,2,37,7
2026-07-15,L32,5PM-5AM,10 a 11,58984,341837,6,43,3
2026-07-15,L32,5PM-5AM,11 a 12,60716,402553,2,45,20
2026-07-15,L32,5PM-5AM,12 a 1,59572,462125,36,81,12
2026-07-15,L32,5PM-5AM,1 a 2,60231,522356,11,92,7
2026-07-15,L32,5PM-5AM,2 a 3,62370,584726,13,105,6
2026-07-15,L32,5PM-5AM,3 a 4,58977,643703,4,109,8
2026-07-15,L32,5PM-5AM,4 a 5,61962,705665,8,117,1
2026-07-16,L1,5AM-5PM,5 a 6,44892,44892,26,26,25
2026-07-16,L1,5AM-5PM,6 a 7,55937,100829,2,28,2
2026-07-16,L1,5AM-5PM,7 a 8,61046,161875,4,32,2
2026-07-16,L1,5AM-5PM,8 a 9,60628,222503,7,39,4
2026-07-16,L1,5AM-5PM,9 a 10,61939,284442,2,41,5
2026-07-16,L1,5AM-5PM,10 a 11,59044,343486,5,46,5
2026-07-16,L1,5AM-5PM,11 a 12,61487,404973,3,49,21
2026-07-16,L1,5AM-5PM,12 a 1,56487,461460,35,84,11
2026-07-16,L1,5AM-5PM,1 a 2,60293,521753,10,94,6
2026-07-16,L1,5AM-5PM,2 a 3,62430,584183,11,105,7
2026-07-16,L1,5AM-5PM,3 a 4,60266,644449,7,112,10
2026-07-16,L1,5AM-5PM,4 a 5,58565,703014,4,116,1
2026-07-16,L1,5PM-5AM,5 a 6,44139,44139,22,22,24
2026-07-16,L1,5PM-5AM,6 a 7,56087,100226,0,22,5
2026-07-16,L1,5PM-5AM,7 a 8,58534,158760,0,22,2
2026-07-16,L1,5PM-5AM,8 a 9,60017,218777,6,28,7
2026-07-16,L1,5PM-5AM,9 a 10,59593,278370,1,29,9
2026-07-16,L1,5PM-5AM,10 a 11,59978,338348,8,37,4
2026-07-16,L1,5PM-5AM,11 a 12,60737,399085,7,44,24
2026-07-16,L1,5PM-5AM,12 a 1,56227,455312,33,77,14
2026-07-16,L1,5PM-5AM,1 a 2,61403,516715,10,87,4
2026-07-16,L1,5PM-5AM,2 a 3,61027,577742,9,96,7
2026-07-16,L1,5PM-5AM,3 a 4,61366,639108,7,103,6
2026-07-16,L1,5PM-5AM,4 a 5,57209,696317,5,108,3
2026-07-16,L31,5AM-5PM,5 a 6,44589,44589,25,25,23
2026-07-16,L31,5AM-5PM,6 a 7,54555,99144,0,25,2
2026-07-16,L31,5AM-5PM,7 a 8,58076,157220,0,25,5
2026-07-16,L31,5AM-5PM,8 a 9,61141,218361,4,29,8
2026-07-16,L31,5AM-5PM,9 a 10,62666,281027,3,32,7
2026-07-16,L31,5AM-5PM,10 a 11,57191,338218,7,39,2
2026-07-16,L31,5AM-5PM,11 a 12,59871,398089,2,41,23
2026-07-16,L31,5AM-5PM,12 a 1,56987,455076,34,75,12
2026-07-16,L31,5AM-5PM,1 a 2,61076,516152,13,88,5
2026-07-16,L31,5AM-5PM,2 a 3,60372,576524,12,100,8
2026-07-16,L31,5AM-5PM,3 a 4,58403,634927,5,105,7
2026-07-16,L31,5AM-5PM,4 a 5,61139,696066,4,109,5
2026-07-16,L31,5PM-5AM,5 a 6,42997,42997,22,22,21
2026-07-16,L31,5PM-5AM,6 a 7,57117,100114,2,24,4
2026-07-16,L31,5PM-5AM,7 a 8,59206,159320,2,26,5
2026-07-16,L31,5PM-5AM,8 a 9,59392,218712,6,32,8
2026-07-16,L31,5PM-5AM,9 a 10,62622,281334,1,33,6
2026-07-16,L31,5PM-5AM,10 a 11,58996,340330,7,40,5
2026-07-16,L31,5PM-5AM,11 a 12,60074,400404,7,47,22
2026-07-16,L31,5PM-5AM,12 a 1,56708,457112,38,85,10
2026-07-16,L31,5PM-5AM,1 a 2,62834,519946,8,93,4
2026-07-16,L31,5PM-5AM,2 a 3,58160,578106,13,106,5
2026-07-16,L31,5PM-5AM,3 a 4,58953,637059,6,112,9
2026-07-16,L31,5PM-5AM,4 a 5,59899,696958,5,117,2
2026-07-16,L32,5AM-5PM,5 a 6,45356,45356,25,25,23
2026-07-16,L32,5AM-5PM,6 a 7,55747,101103,3,28,2
2026-07-16,L32,5AM-5PM,7 a 8,59616,160719,0,28,3
2026-07-16,L32,5AM-5PM,8 a 9,60152,220871,3,31,8
2026-07-16,L32,5AM-5PM,9 a 10,62434,283305,5,36,6
2026-07-16,L32,5AM-5PM,10 a 11,60367,343672,8,44,6
2026-07-16,L32,5AM-5PM,11 a 12,59422,403094,4,48,21
2026-07-16,L32,5AM-5PM,12 a 1,55309,458403,36,84,14
2026-07-16,L32,5AM-5PM,1 a 2,58896,517299,12,96,3
2026-07-16,L32,5AM-5PM,2 a 3,62112,579411,10,106,9
2026-07-16,L32,5AM-5PM,3 a 4,60160,639571,5,111,9
2026-07-16,L32,5AM-5PM,4 a 5,57557,697128,9,120,3
2026-07-16,L32,5PM-5AM,5 a 6,44730,44730,24,24,21
2026-07-16,L32,5PM-5AM,6 a 7,56449,101179,0,24,3
2026-07-16,L32,5PM-5AM,7 a 8,57847,159026,5,29,6
2026-07-16,L32,5PM-5AM,8 a 9,60666,219692,3,32,5
2026-07-16,L32,5PM-5AM,9 a 10,60510,280202,6,38,7
2026-07-16,L32,5PM-5AM,10 a 11,59946,340148,7,45,4
2026-07-16,L32,5PM-5AM,11 a 12,61879,402027,6,51,20
2026-07-16,L32,5PM-5AM,12 a 1,55557,457584,33,84,10
2026-07-16,L32,5PM-5AM,1 a 2,62085,519669,9,93,3
2026-07-16,L32,5PM-5AM,2 a 3,60655,580324,11,104,7
2026-07-16,L32,5PM-5AM,3 a 4,59331,639655,6,110,8
2026-07-16,L32,5PM-5AM,4 a 5,59610,699265,4,114,5
2026-07-17,L1,5AM-5PM,5 a 6,45796,45796,21,21,24
2026-07-17,L1,5AM-5PM,6 a 7,56212,102008,3,24,3
2026-07-17,L1,5AM-5PM,7 a 8,58980,160988,4,28,2
2026-07-17,L1,5AM-5PM,8 a 9,60742,221730,4,32,4
2026-07-17,L1,5AM-5PM,9 a 10,62825,284555,1,33,9
2026-07-17,L1,5AM-5PM,10 a 11,61034,345589,4,37,3
2026-07-17,L1,5AM-5PM,11 a 12,58999,404588,7,44,24
2026-07-17,L1,5AM-5PM,12 a 1,59527,464115,33,77,12
2026-07-17,L1,5AM-5PM,1 a 2,60053,524168,13,90,6
2026-07-17,L1,5AM-5PM,2 a 3,62317,586485,11,101,6
2026-07-17,L1,5AM-5PM,3 a 4,62329,648814,9,110,8
2026-07-17,L1,5AM-5PM,4 a 5,60808,709622,7,117,4
2026-07-17,L1,5PM-5AM,5 a 6,46222,46222,23,23,22
2026-07-17,L1,5PM-5AM,6 a 7,54940,101162,1,24,1
2026-07-17,L1,5PM-5AM,7 a 8,60450,161612,4,28,3
2026-07-17,L1,5PM-5AM,8 a 9,60582,222194,3,31,8
2026-07-17,L1,5PM-5AM,9 a 10,59581,281775,3,34,6
2026-07-17,L1,5PM-5AM,10 a 11,60502,342277,4,38,4
2026-07-17,L1,5PM-5AM,11 a 12,60598,402875,4,42,22
2026-07-17,L1,5PM-5AM,12 a 1,57678,460553,38,80,13
2026-07-17,L1,5PM-5AM,1 a 2,60071,520624,11,91,3
2026-07-17,L1,5PM-5AM,2 a 3,60834,581458,10,101,5
2026-07-17,L1,5PM-5AM,3 a 4,60044,641502,4,105,6
2026-07-17,L1,5PM-5AM,4 a 5,57898,699400,6,111,5
2026-07-17,L31,5AM-5PM,5 a 6,43387,43387,24,24,22
2026-07-17,L31,5AM-5PM,6 a 7,53898,97285,3,27,5
2026-07-17,L31,5AM-5PM,7 a 8,57959,155244,0,27,2
2026-07-17,L31,5AM-5PM,8 a 9,60281,215525,6,33,7
2026-07-17,L31,5AM-5PM,9 a 10,61875,277400,6,39,7
2026-07-17,L31,5AM-5PM,10 a 11,57961,335361,8,47,6
2026-07-17,L31,5AM-5PM,11 a 12,60321,395682,6,53,24
2026-07-17,L31,5AM-5PM,12 a 1,55609,451291,35,88,14
2026-07-17,L31,5AM-5PM,1 a 2,59601,510892,9,97,5
2026-07-17,L31,5AM-5PM,2 a 3,61376,572268,14,111,9
2026-07-17,L31,5AM-5PM,3 a 4,61404,633672,9,120,6
2026-07-17,L31,5AM-5PM,4 a 5,59716,693388,6,126,3
2026-07-17,L31,5PM-5AM,5 a 6,44154,44154,21,21,21
2026-07-17,L31,5PM-5AM,6 a 7,54156,98310,1,22,5
2026-07-17,L31,5PM-5AM,7 a 8,57265,155575,0,22,4
2026-07-17,L31,5PM-5AM,8 a 9,59535,215110,3,25,5
2026-07-17,L31,5PM-5AM,9 a 10,61543,276653,1,26,9
2026-07-17,L31,5PM-5AM,10 a 11,60201,336854,5,31,4
2026-07-17,L31,5PM-5AM,11 a 12,59342,396196,7,38,22
2026-07-17,L31,5PM-5AM,12 a 1,55376,451572,37,75,11
2026-07-17,L31,5PM-5AM,1 a 2,60761,512333,12,87,6
2026-07-17,L31,5PM-5AM,2 a 3,61546,573879,13,100,9
2026-07-17,L31,5PM-5AM,3 a 4,59681,633560,9,109,10
2026-07-17,L31,5PM-5AM,4 a 5,61826,695386,6,115,2
2026-07-17,L32,5AM-5PM,5 a 6,47238,47238,23,23,25
2026-07-17,L32,5AM-5PM,6 a 7,55984,103222,2,25,1
2026-07-17,L32,5AM-5PM,7 a 8,58288,161510,3,28,2
2026-07-17,L32,5AM-5PM,8 a 9,60366,221876,5,33,6
2026-07-17,L32,5AM-5PM,9 a 10,60643,282519,5,38,5
2026-07-17,L32,5AM-5PM,10 a 11,58660,341179,7,45,3
2026-07-17,L32,5AM-5PM,11 a 12,60881,402060,5,50,24
2026-07-17,L32,5AM-5PM,12 a 1,55645,457705,35,85,14
2026-07-17,L32,5AM-5PM,1 a 2,59900,517605,10,95,7
2026-07-17,L32,5AM-5PM,2 a 3,61676,579281,14,109,6
2026-07-17,L32,5AM-5PM,3 a 4,60201,639482,8,117,9
2026-07-17,L32,5AM-5PM,4 a 5,60880,700362,5,122,5
2026-07-17,L32,5PM-5AM,5 a 6,45229,45229,21,21,22
2026-07-17,L32,5PM-5AM,6 a 7,55055,100284,1,22,5
2026-07-17,L32,5PM-5AM,7 a 8,57631,157915,5,27,3
2026-07-17,L32,5PM-5AM,8 a 9,60262,218177,3,30,5
2026-07-17,L32,5PM-5AM,9 a 10,62650,280827,6,36,9
2026-07-17,L32,5PM-5AM,10 a 11,58071,338898,7,43,5
2026-07-17,L32,5PM-5AM,11 a 12,61122,400020,5,48,22
2026-07-17,L32,5PM-5AM,12 a 1,55651,455671,33,81,13
2026-07-17,L32,5PM-5AM,1 a 2,60259,515930,8,89,4
2026-07-17,L32,5PM-5AM,2 a 3,60660,576590,11,100,6
2026-07-17,L32,5PM-5AM,3 a 4,60140,636730,8,108,8
2026-07-17,L32,5PM-5AM,4 a 5,59770,696500,4,112,3
2026-07-18,L1,5AM-5PM,5 a 6,44865,44865,24,24,21
2026-07-18,L1,5AM-5PM,6 a 7,53531,98396,0,24,5
2026-07-18,L1,5AM-5PM,7 a 8,58106,156502,4,28,6
2026-07-18,L1,5AM-5PM,8 a 9,61399,217901,5,33,7
2026-07-18,L1,5AM-5PM,9 a 10,61756,279657,4,37,7
2026-07-18,L1,5AM-5PM,10 a 11,60493,340150,5,42,4
2026-07-18,L1,5AM-5PM,11 a 12,61280,401430,6,48,22
2026-07-18,L1,5AM-5PM,12 a 1,56281,457711,36,84,12
2026-07-18,L1,5AM-5PM,1 a 2,61177,518888,9,93,7
2026-07-18,L1,5AM-5PM,2 a 3,61253,580141,11,104,5
2026-07-18,L1,5AM-5PM,3 a 4,58199,638340,7,111,8
2026-07-18,L1,5AM-5PM,4 a 5,62132,700472,7,118,1
2026-07-18,L1,5PM-5AM,5 a 6,45411,45411,23,23,22
2026-07-18,L1,5PM-5AM,6 a 7,55548,100959,1,24,3
2026-07-18,L1,5PM-5AM,7 a 8,57221,158180,3,27,3
2026-07-18,L1,5PM-5AM,8 a 9,61124,219304,5,32,7
2026-07-18,L1,5PM-5AM,9 a 10,61093,280397,6,38,5
2026-07-18,L1,5PM-5AM,10 a 11,61528,341925,8,46,5
2026-07-18,L1,5PM-5AM,11 a 12,60938,402863,2,48,23
2026-07-18,L1,5PM-5AM,12 a 1,54505,457368,38,86,14
2026-07-18,L1,5PM-5AM,1 a 2,61108,518476,10,96,7
2026-07-18,L1,5PM-5AM,2 a 3,60717,579193,9,105,9
2026-07-18,L1,5PM-5AM,3 a 4,59493,638686,9,114,8
2026-07-18,L1,5PM-5AM,4 a 5,59575,698261,8,122,1
2026-07-18,L31,5AM-5PM,5 a 6,45446,45446,23,23,23
2026-07-18,L31,5AM-5PM,6 a 7,55574,101020,0,23,1
2026-07-18,L31,5AM-5PM,7 a 8,58195,159215,5,28,5
2026-07-18,L31,5AM-5PM,8 a 9,58906,218121,6,34,4
2026-07-18,L31,5AM-5PM,9 a 10,60935,279056,4,38,5
2026-07-18,L31,5AM-5PM,10 a 11,59832,338888,4,42,2
2026-07-18,L31,5AM-5PM,11 a 12,60204,399092,2,44,24
2026-07-18,L31,5AM-5PM,12 a 1,55582,454674,36,80,11
2026-07-18,L31,5AM-5PM,1 a 2,58899,513573,9,89,4
2026-07-18,L31,5AM-5PM,2 a 3,61163,574736,10,99,6
2026-07-18,L31,5AM-5PM,3 a 4,59822,634558,6,105,10
2026-07-18,L31,5AM-5PM,4 a 5,60072,694630,6,111,3
2026-07-18,L31,5PM-5AM,5 a 6,45071,45071,22,22,24
2026-07-18,L31,5PM-5AM,6 a 7,54224,99295,0,22,4
2026-07-18,L31,5PM-5AM,7 a 8,57305,156600,2,24,4
2026-07-18,L31,5PM-5AM,8 a 9,61306,217906,6,30,7
2026-07-18,L31,5PM-5AM,9 a 10,62821,280727,3,33,5
2026-07-18,L31,5PM-5AM,10 a 11,60356,341083,6,39,3
2026-07-18,L31,5PM-5AM,11 a 12,62522,403605,5,44,23
2026-07-18,L31,5PM-5AM,12 a 1,55848,459453,37,81,10
2026-07-18,L31,5PM-5AM,1 a 2,59716,519169,13,94,6
2026-07-18,L31,5PM-5AM,2 a 3,62008,581177,13,107,9
2026-07-18,L31,5PM-5AM,3 a 4,60442,641619,6,113,9
2026-07-18,L31,5PM-5AM,4 a 5,61755,703374,5,118,2
2026-07-18,L32,5AM-5PM,5 a 6,43427,43427,21,21,23
2026-07-18,L32,5AM-5PM,6 a 7,56438,99865,0,21,4
2026-07-18,L32,5AM-5PM,7 a 8,58736,158601,4,25,2
2026-07-18,L32,5AM-5PM,8 a 9,58773,217374,6,31,4
2026-07-18,L32,5AM-5PM,9 a 10,61679,279053,5,36,8
2026-07-18,L32,5AM-5PM,10 a 11,60576,339629,7,43,5
2026-07-18,L32,5AM-5PM,11 a 12,61548,401177,5,48,21
2026-07-18,L32,5AM-5PM,12 a 1,57321,458498,33,81,12
2026-07-18,L32,5AM-5PM,1 a 2,58226,516724,12,93,4
2026-07-18,L32,5AM-5PM,2 a 3,63902,580626,12,105,6
2026-07-18,L32,5AM-5PM,3 a 4,61280,641906,5,110,8
2026-07-18,L32,5AM-5PM,4 a 5,60927,702833,6,116,2
2026-07-18,L32,5PM-5AM,5 a 6,46771,46771,21,21,23
2026-07-18,L32,5PM-5AM,6 a 7,56656,103427,0,21,4
2026-07-18,L32,5PM-5AM,7 a 8,58388,161815,4,25,2
2026-07-18,L32,5PM-5AM,8 a 9,59651,221466,8,33,7
2026-07-18,L32,5PM-5AM,9 a 10,63132,284598,1,34,8
2026-07-18,L32,5PM-5AM,10 a 11,57826,342424,4,38,2
2026-07-18,L32,5PM-5AM,11 a 12,60949,403373,3,41,22
2026-07-18,L32,5PM-5AM,12 a 1,56296,459669,37,78,14
2026-07-18,L32,5PM-5AM,1 a 2,61429,521098,11,89,7
2026-07-18,L32,5PM-5AM,2 a 3,60651,581749,11,100,6
2026-07-18,L32,5PM-5AM,3 a 4,57186,638935,9,109,6
2026-07-18,L32,5PM-5AM,4 a 5,60705,699640,4,113,5
2026-07-19,L1,5AM-5PM,5 a 6,45778,45778,21,21,21
2026-07-19,L1,5AM-5PM,6 a 7,53330,99108,3,24,4
2026-07-19,L1,5AM-5PM,7 a 8,59685,158793,4,28,5
2026-07-19,L1,5AM-5PM,8 a 9,58074,216867,7,35,4
2026-07-19,L1,5AM-5PM,9 a 10,61658,278525,4,39,8
2026-07-19,L1,5AM-5PM,10 a 11,60316,338841,5,44,6
2026-07-19,L1,5AM-5PM,11 a 12,60115,398956,3,47,24
2026-07-19,L1,5AM-5PM,12 a 1,55859,454815,33,80,12
2026-07-19,L1,5AM-5PM,1 a 2,60979,515794,12,92,3
2026-07-19,L1,5AM-5PM,2 a 3,61404,577198,9,101,7
2026-07-19,L1,5AM-5PM,3 a 4,60799,637997,6,107,7
2026-07-19,L1,5AM-5PM,4 a 5,60815,698812,7,114,4
2026-07-19,L1,5PM-5AM,5 a 6,44121,44121,25,25,21
2026-07-19,L1,5PM-5AM,6 a 7,55606,99727,2,27,5
2026-07-19,L1,5PM-5AM,7 a 8,57877,157604,1,28,2
2026-07-19,L1,5PM-5AM,8 a 9,59968,217572,4,32,4
2026-07-19,L1,5PM-5AM,9 a 10,62526,280098,3,35,9
2026-07-19,L1,5PM-5AM,10 a 11,61224,341322,7,42,2
2026-07-19,L1,5PM-5AM,11 a 12,60863,402185,3,45,20
2026-07-19,L1,5PM-5AM,12 a 1,55495,457680,33,78,10
2026-07-19,L1,5PM-5AM,1 a 2,59786,517466,10,88,6
2026-07-19,L1,5PM-5AM,2 a 3,60891,578357,10,98,9
2026-07-19,L1,5PM-5AM,3 a 4,60781,639138,8,106,6
2026-07-19,L1,5PM-5AM,4 a 5,60234,699372,6,112,5
2026-07-19,L31,5AM-5PM,5 a 6,44820,44820,26,26,21
2026-07-19,L31,5AM-5PM,6 a 7,55150,99970,2,28,1
2026-07-19,L31,5AM-5PM,7 a 8,56467,156437,4,32,4
2026-07-19,L31,5AM-5PM,8 a 9,58028,214465,6,38,8
2026-07-19,L31,5AM-5PM,9 a 10,59337,273802,1,39,7
2026-07-19,L31,5AM-5PM,10 a 11,59436,333238,6,45,3
2026-07-19,L31,5AM-5PM,11 a 12,59074,392312,7,52,21
2026-07-19,L31,5AM-5PM,12 a 1,56774,449086,34,86,10
2026-07-19,L31,5AM-5PM,1 a 2,61278,510364,9,95,6
2026-07-19,L31,5AM-5PM,2 a 3,61111,571475,13,108,9
2026-07-19,L31,5AM-5PM,3 a 4,58312,629787,5,113,10
2026-07-19,L31,5AM-5PM,4 a 5,58561,688348,7,120,4
2026-07-19,L31,5PM-5AM,5 a 6,46661,46661,26,26,22
2026-07-19,L31,5PM-5AM,6 a 7,55676,102337,1,27,3
2026-07-19,L31,5PM-5AM,7 a 8,59582,161919,2,29,6
2026-07-19,L31,5PM-5AM,8 a 9,60104,222023,6,35,4
2026-07-19,L31,5PM-5AM,9 a 10,59776,281799,4,39,9
2026-07-19,L31,5PM-5AM,10 a 11,61636,343435,7,46,4
2026-07-19,L31,5PM-5AM,11 a 12,60460,403895,6,52,23
2026-07-19,L31,5PM-5AM,12 a 1,55260,459155,38,90,12
2026-07-19,L31,5PM-5AM,1 a 2,60169,519324,9,99,6
2026-07-19,L31,5PM-5AM,2 a 3,62423,581747,14,113,6
2026-07-19,L31,5PM-5AM,3 a 4,60079,641826,5,118,6
2026-07-19,L31,5PM-5AM,4 a 5,60321,702147,9,127,3
2026-07-19,L32,5AM-5PM,5 a 6,44352,44352,21,21,22
2026-07-19,L32,5AM-5PM,6 a 7,55616,99968,2,23,2
2026-07-19,L32,5AM-5PM,7 a 8,57828,157796,5,28,2
2026-07-19,L32,5AM-5PM,8 a 9,60955,218751,6,34,8
2026-07-19,L32,5AM-5PM,9 a 10,61766,280517,6,40,9
2026-07-19,L32,5AM-5PM,10 a 11,59967,340484,8,48,5
2026-07-19,L32,5AM-5PM,11 a 12,59658,400142,3,51,21
2026-07-19,L32,5AM-5PM,12 a 1,55605,455747,33,84,14
2026-07-19,L32,5AM-5PM,1 a 2,60311,516058,8,92,4
2026-07-19,L32,5AM-5PM,2 a 3,61818,577876,11,103,9
2026-07-19,L32,5AM-5PM,3 a 4,60983,638859,7,110,9
2026-07-19,L32,5AM-5PM,4 a 5,59305,698164,5,115,1
2026-07-19,L32,5PM-5AM,5 a 6,45287,45287,21,21,22
2026-07-19,L32,5PM-5AM,6 a 7,54062,99349,2,23,1
2026-07-19,L32,5PM-5AM,7 a 8,58760,158109,4,27,2
2026-07-19,L32,5PM-5AM,8 a 9,60496,218605,8,35,8
2026-07-19,L32,5PM-5AM,9 a 10,62669,281274,3,38,6
2026-07-19,L32,5PM-5AM,10 a 11,61748,343022,3,41,6
2026-07-19,L32,5PM-5AM,11 a 12,60395,403417,3,44,22
2026-07-19,L32,5PM-5AM,12 a 1,59495,462912,37,81,11
2026-07-19,L32,5PM-5AM,1 a 2,58378,521290,8,89,3
2026-07-19,L32,5PM-5AM,2 a 3,59205,580495,11,100,8
2026-07-19,L32,5PM-5AM,3 a 4,60167,640662,9,109,7
2026-07-19,L32,5PM-5AM,4 a 5,61844,702506,8,117,4
