hour_start,produccion_n_points,produccion_n_negative,produccion_delta,produccion_delta_first_half,produccion_delta_second_half,produccion_reset,produccion_n_noise_steps,produccion_std_step,produccion_max_step,retract_n_points,retract_n_negative,retract_delta,retract_delta_first_half,retract_delta_second_half,retract_reset,retract_n_noise_steps,retract_std_step,retract_max_step,blow_off_n_points,blow_off_n_negative,blow_off_delta,blow_off_delta_first_half,blow_off_delta_second_half,blow_off_reset,blow_off_n_noise_steps,blow_off_std_step,blow_off_max_step,cluster
2026-07-21 21:00:00-04:00,42,0,5979.0,1573.0,4266.0,0,0,18.060740928301875,194.0,42,0,6050.0,1629.0,4284.0,0,0,18.470871967595563,184.0,42,0,5994.0,1595.0,4268.0,0,0,19.29010805795465,198.0,6
2026-07-21 22:00:00-04:00,59,0,8388.0,4006.0,4231.0,0,1,2312.436862717488,197.0,59,0,8304.0,3986.0,4178.0,0,1,2317.4417045106,198.0,59,0,8450.0,4089.0,4203.0,0,1,2335.992839219983,203.0,2
2026-07-21 23:00:00-04:00,5,0,640.0,640.0,0.0,0,0,16.15549442140351,185.0,5,0,643.0,643.0,0.0,0,0,9.959292143521044,175.0,5,0,649.0,649.0,0.0,0,0,12.636751956100111,183.0,7
2026-07-22 00:00:00-04:00,0,0,0.0,0.0,0.0,0,0,0.0,0.0,0,0,0.0,0.0,0.0,0,0,0.0,0.0,0,0,0.0,0.0,0.0,0,0,0.0,0.0,0
2026-07-22 01:00:00-04:00,0,0,0.0,0.0,0.0,0,0,0.0,0.0,0,0,0.0,0.0,0.0,0,0,0.0,0.0,0,0,0.0,0.0,0.0,0,0,0.0,0.0,0
2026-07-22 02:00:00-04:00,0,0,0.0,0.0,0.0,0,0,0.0,0.0,0,0,0.0,0.0,0.0,0,0,0.0,0.0,0,0,0.0,0.0,0.0,0,0,0.0,0.0,0
2026-07-22 03:00:00-04:00,0,0,0.0,0.0,0.0,0,0,0.0,0.0,0,0,0.0,0.0,0.0,0,0,0.0,0.0,0,0,0.0,0.0,0.0,0,0,0.0,0.0,0
2026-07-22 04:00:00-04:00,0,0,0.0,0.0,0.0,0,0,0.0,0.0,0,0,0.0,0.0,0.0,0,0,0.0,0.0,0,0,0.0,0.0,0.0,0,0,0.0,0.0,0
2026-07-22 05:00:00-04:00,0,0,0.0,0.0,0.0,0,0,0.0,0.0,0,0,0.0,0.0,0.0,0,0,0.0,0.0,0,0,0.0,0.0,0.0,0,0,0.0,0.0,0
2026-07-22 06:00:00-04:00,0,0,0.0,0.0,0.0,0,0,0.0,0.0,0,0,0.0,0.0,0.0,0,0,0.0,0.0,0,0,0.0,0.0,0.0,0,0,0.0,0.0,0
2026-07-22 07:00:00-04:00,0,0,0.0,0.0,0.0,0,0,0.0,0.0,0,0,0.0,0.0,0.0,0,0,0.0,0.0,0,0,0.0,0.0,0.0,0,0,0.0,0.0,0
2026-07-22 08:00:00-04:00,0,0,0.0,0.0,0.0,0,0,0.0,0.0,0,0,0.0,0.0,0.0,0,0,0.0,0.0,0,0,0.0,0.0,0.0,0,0,0.0,0.0,0
2026-07-22 09:00:00-04:00,0,0,0.0,0.0,0.0,0,0,0.0,0.0,0,0,0.0,0.0,0.0,0,0,0.0,0.0,0,0,0.0,0.0,0.0,0,0,0.0,0.0,0
2026-07-22 10:00:00-04:00,0,0,0.0,0.0,0.0,0,0,0.0,0.0,0,0,0.0,0.0,0.0,0,0,0.0,0.0,0,0,0.0,0.0,0.0,0,0,0.0,0.0,0
2026-07-22 11:00:00-04:00,0,0,0.0,0.0,0.0,0,0,0.0,0.0,0,0,0.0,0.0,0.0,0,0,0.0,0.0,0,0,0.0,0.0,0.0,0,0,0.0,0.0,0
2026-07-22 12:00:00-04:00,0,0,0.0,0.0,0.0,0,0,0.0,0.0,0,0,0.0,0.0,0.0,0,0,0.0,0.0,0,0,0.0,0.0,0.0,0,0,0.0,0.0,0
2026-07-22 13:00:00-04:00,0,0,0.0,0.0,0.0,0,0,0.0,0.0,0,0,0.0,0.0,0.0,0,0,0.0,0.0,0,0,0.0,0.0,0.0,0,0,0.0,0.0,0
2026-07-22 14:00:00-04:00,0,0,0.0,0.0,0.0,0,0,0.0,0.0,0,0,0.0,0.0,0.0,0,0,0.0,0.0,0,0,0.0,0.0,0.0,0,0,0.0,0.0,0
2026-07-22 15:00:00-04:00,0,0,0.0,0.0,0.0,0,0,0.0,0.0,0,0,0.0,0.0,0.0,0,0,0.0,0.0,0,0,0.0,0.0,0.0,0,0,0.0,0.0,0
2026-07-22 16:00:00-04:00,0,0,0.0,0.0,0.0,0,0,0.0,0.0,0,0,0.0,0.0,0.0,0,0,0.0,0.0,0,0,0.0,0.0,0.0,0,0,0.0,0.0,0
2026-07-22 17:00:00-04:00,0,0,0.0,0.0,0.0,0,0,0.0,0.0,0,0,0.0,0.0,0.0,0,0,0.0,0.0,0,0,0.0,0.0,0.0,0,0,0.0,0.0,0
2026-07-22 18:00:00-04:00,0,0,0.0,0.0,0.0,0,0,0.0,0.0,0,0,0.0,0.0,0.0,0,0,0.0,0.0,0,0,0.0,0.0,0.0,0,0,0.0,0.0,0
2026-07-22 19:00:00-04:00,0,0,0.0,0.0,0.0,0,0,0.0,0.0,0,0,0.0,0.0,0.0,0,0,0.0,0.0,0,0,0.0,0.0,0.0,0,0,0.0,0.0,0
2026-07-22 20:00:00-04:00,0,0,0.0,0.0,0.0,0,0,0.0,0.0,0,0,0.0,0.0,0.0,0,0,0.0,0.0,0,0,0.0,0.0,0.0,0,0,0.0,0.0,0
2026-07-22 21:00:00-04:00,0,0,0.0,0.0,0.0,0,0,0.0,0.0,0,0,0.0,0.0,0.0,0,0,0.0,0.0,0,0,0.0,0.0,0.0,0,0,0.0,0.0,0
2026-07-22 22:00:00-04:00,0,0,0.0,0.0,0.0,0,0,0.0,0.0,0,0,0.0,0.0,0.0,0,0,0.0,0.0,0,0,0.0,0.0,0.0,0,0,0.0,0.0,0
2026-07-22 23:00:00-04:00,0,0,0.0,0.0,0.0,0,0,0.0,0.0,0,0,0.0,0.0,0.0,0,0,0.0,0.0,0,0,0.0,0.0,0.0,0,0,0.0,0.0,0
2026-07-23 00:00:00-04:00,0,0,0.0,0.0,0.0,0,0,0.0,0.0,0,0,0.0,0.0,0.0,0,0,0.0,0.0,0,0,0.0,0.0,0.0,0,0,0.0,0.0,0
2026-07-23 01:00:00-04:00,0,0,0.0,0.0,0.0,0,0,0.0,0.0,0,0,0.0,0.0,0.0,0,0,0.0,0.0,0,0,0.0,0.0,0.0,0,0,0.0,0.0,0
2026-07-23 02:00:00-04:00,0,0,0.0,0.0,0.0,0,0,0.0,0.0,0,0,0.0,0.0,0.0,0,0,0.0,0.0,0,0,0.0,0.0,0.0,0,0,0.0,0.0,0
2026-07-23 03:00:00-04:00,0,0,0.0,0.0,0.0,0,0,0.0,0.0,0,0,0.0,0.0,0.0,0,0,0.0,0.0,0,0,0.0,0.0,0.0,0,0,0.0,0.0,0
2026-07-23 04:00:00-04:00,0,0,0.0,0.0,0.0,0,0,0.0,0.0,0,0,0.0,0.0,0.0,0,0,0.0,0.0,0,0,0.0,0.0,0.0,0,0,0.0,0.0,0
2026-07-23 05:00:00-04:00,0,0,0.0,0.0,0.0,0,0,0.0,0.0,0,0,0.0,0.0,0.0,0,0,0.0,0.0,0,0,0.0,0.0,0.0,0,0,0.0,0.0,0
2026-07-23 06:00:00-04:00,0,0,0.0,0.0,0.0,0,0,0.0,0.0,0,0,0.0,0.0,0.0,0,0,0.0,0.0,0,0,0.0,0.0,0.0,0,0,0.0,0.0,0
2026-07-23 07:00:00-04:00,0,0,0.0,0.0,0.0,0,0,0.0,0.0,0,0,0.0,0.0,0.0,0,0,0.0,0.0,0,0,0.0,0.0,0.0,0,0,0.0,0.0,0
2026-07-23 08:00:00-04:00,0,0,0.0,0.0,0.0,0,0,0.0,0.0,0,0,0.0,0.0,0.0,0,0,0.0,0.0,0,0,0.0,0.0,0.0,0,0,0.0,0.0,0
2026-07-23 09:00:00-04:00,0,0,0.0,0.0,0.0,0,0,0.0,0.0,0,0,0.0,0.0,0.0,0,0,0.0,0.0,0,0,0.0,0.0,0.0,0,0,0.0,0.0,0
2026-07-23 10:00:00-04:00,0,0,0.0,0.0,0.0,0,0,0.0,0.0,0,0,0.0,0.0,0.0,0,0,0.0,0.0,0,0,0.0,0.0,0.0,0,0,0.0,0.0,0
2026-07-23 11:00:00-04:00,0,0,0.0,0.0,0.0,0,0,0.0,0.0,0,0,0.0,0.0,0.0,0,0,0.0,0.0,0,0,0.0,0.0,0.0,0,0,0.0,0.0,0
2026-07-23 12:00:00-04:00,0,0,0.0,0.0,0.0,0,0,0.0,0.0,0,0,0.0,0.0,0.0,0,0,0.0,0.0,0,0,0.0,0.0,0.0,0,0,0.0,0.0,0
2026-07-23 13:00:00-04:00,0,0,0.0,0.0,0.0,0,0,0.0,0.0,0,0,0.0,0.0,0.0,0,0,0.0,0.0,0,0,0.0,0.0,0.0,0,0,0.0,0.0,0
2026-07-23 14:00:00-04:00,0,0,0.0,0.0,0.0,0,0,0.0,0.0,0,0,0.0,0.0,0.0,0,0,0.0,0.0,0,0,0.0,0.0,0.0,0,0,0.0,0.0,0
2026-07-23 15:00:00-04:00,0,0,0.0,0.0,0.0,0,0,0.0,0.0,0,0,0.0,0.0,0.0,0,0,0.0,0.0,0,0,0.0,0.0,0.0,0,0,0.0,0.0,0
2026-07-23 16:00:00-04:00,0,0,0.0,0.0,0.0,0,0,0.0,0.0,0,0,0.0,0.0,0.0,0,0,0.0,0.0,0,0,0.0,0.0,0.0,0,0,0.0,0.0,0
2026-07-23 17:00:00-04:00,0,0,0.0,0.0,0.0,0,0,0.0,0.0,0,0,0.0,0.0,0.0,0,0,0.0,0.0,0,0,0.0,0.0,0.0,0,0,0.0,0.0,0
2026-07-23 18:00:00-04:00,0,0,0.0,0.0,0.0,0,0,0.0,0.0,0,0,0.0,0.0,0.0,0,0,0.0,0.0,0,0,0.0,0.0,0.0,0,0,0.0,0.0,0
2026-07-23 19:00:00-04:00,0,0,0.0,0.0,0.0,0,0,0.0,0.0,0,0,0.0,0.0,0.0,0,0,0.0,0.0,0,0,0.0,0.0,0.0,0,0,0.0,0.0,0
2026-07-23 20:00:00-04:00,0,0,0.0,0.0,0.0,0,0,0.0,0.0,0,0,0.0,0.0,0.0,0,0,0.0,0.0,0,0,0.0,0.0,0.0,0,0,0.0,0.0,0
2026-07-23 21:00:00-04:00,0,0,0.0,0.0,0.0,0,0,0.0,0.0,0,0,0.0,0.0,0.0,0,0,0.0,0.0,0,0,0.0,0.0,0.0,0,0,0.0,0.0,0
2026-07-23 22:00:00-04:00,0,0,0.0,0.0,0.0,0,0,0.0,0.0,0,0,0.0,0.0,0.0,0,0,0.0,0.0,0,0,0.0,0.0,0.0,0,0,0.0,0.0,0
2026-07-23 23:00:00-04:00,0,0,0.0,0.0,0.0,0,0,0.0,0.0,0,0,0.0,0.0,0.0,0,0,0.0,0.0,0,0,0.0,0.0,0.0,0,0,0.0,0.0,0
2026-07-24 00:00:00-04:00,0,0,0.0,0.0,0.0,0,0,0.0,0.0,0,0,0.0,0.0,0.0,0,0,0.0,0.0,0,0,0.0,0.0,0.0,0,0,0.0,0.0,0
2026-07-24 01:00:00-04:00,0,0,0.0,0.0,0.0,0,0,0.0,0.0,0,0,0.0,0.0,0.0,0,0,0.0,0.0,0,0,0.0,0.0,0.0,0,0,0.0,0.0,0
2026-07-24 02:00:00-04:00,0,0,0.0,0.0,0.0,0,0,0.0,0.0,0,0,0.0,0.0,0.0,0,0,0.0,0.0,0,0,0.0,0.0,0.0,0,0,0.0,0.0,0
2026-07-24 03:00:00-04:00,0,0,0.0,0.0,0.0,0,0,0.0,0.0,0,0,0.0,0.0,0.0,0,0,0.0,0.0,0,0,0.0,0.0,0.0,0,0,0.0,0.0,0
2026-07-24 04:00:00-04:00,0,0,0.0,0.0,0.0,0,0,0.0,0.0,0,0,0.0,0.0,0.0,0,0,0.0,0.0,0,0,0.0,0.0,0.0,0,0,0.0,0.0,0
2026-07-24 05:00:00-04:00,0,0,0.0,0.0,0.0,0,0,0.0,0.0,0,0,0.0,0.0,0.0,0,0,0.0,0.0,0,0,0.0,0.0,0.0,0,0,0.0,0.0,0
2026-07-24 06:00:00-04:00,0,0,0.0,0.0,0.0,0,0,0.0,0.0,0,0,0.0,0.0,0.0,0,0,0.0,0.0,0,0,0.0,0.0,0.0,0,0,0.0,0.0,0
2026-07-24 07:00:00-04:00,0,0,0.0,0.0,0.0,0,0,0.0,0.0,0,0,0.0,0.0,0.0,0,0,0.0,0.0,0,0,0.0,0.0,0.0,0,0,0.0,0.0,0
2026-07-24 08:00:00-04:00,0,0,0.0,0.0,0.0,0,0,0.0,0.0,0,0,0.0,0.0,0.0,0,0,0.0,0.0,0,0,0.0,0.0,0.0,0,0,0.0,0.0,0
2026-07-24 09:00:00-04:00,0,0,0.0,0.0,0.0,0,0,0.0,0.0,0,0,0.0,0.0,0.0,0,0,0.0,0.0,0,0,0.0,0.0,0.0,0,0,0.0,0.0,0
2026-07-24 10:00:00-04:00,0,0,0.0,0.0,0.0,0,0,0.0,0.0,0,0,0.0,0.0,0.0,0,0,0.0,0.0,0,0,0.0,0.0,0.0,0,0,0.0,0.0,0
2026-07-24 11:00:00-04:00,0,0,0.0,0.0,0.0,0,0,0.0,0.0,0,0,0.0,0.0,0.0,0,0,0.0,0.0,0,0,0.0,0.0,0.0,0,0,0.0,0.0,0
2026-07-24 12:00:00-04:00,0,0,0.0,0.0,0.0,0,0,0.0,0.0,0,0,0.0,0.0,0.0,0,0,0.0,0.0,0,0,0.0,0.0,0.0,0,0,0.0,0.0,0
2026-07-24 13:00:00-04:00,0,0,0.0,0.0,0.0,0,0,0.0,0.0,0,0,0.0,0.0,0.0,0,0,0.0,0.0,0,0,0.0,0.0,0.0,0,0,0.0,0.0,0
2026-07-24 14:00:00-04:00,0,0,0.0,0.0,0.0,0,0,0.0,0.0,0,0,0.0,0.0,0.0,0,0,0.0,0.0,0,0,0.0,0.0,0.0,0,0,0.0,0.0,0
2026-07-24 15:00:00-04:00,0,0,0.0,0.0,0.0,0,0,0.0,0.0,0,0,0.0,0.0,0.0,0,0,0.0,0.0,0,0,0.0,0.0,0.0,0,0,0.0,0.0,0
2026-07-24 16:00:00-04:00,0,0,0.0,0.0,0.0,0,0,0.0,0.0,0,0,0.0,0.0,0.0,0,0,0.0,0.0,0,0,0.0,0.0,0.0,0,0,0.0,0.0,0
2026-07-24 17:00:00-04:00,0,0,0.0,0.0,0.0,0,0,0.0,0.0,0,0,0.0,0.0,0.0,0,0,0.0,0.0,0,0,0.0,0.0,0.0,0,0,0.0,0.0,0
2026-07-24 18:00:00-04:00,0,0,0.0,0.0,0.0,0,0,0.0,0.0,0,0,0.0,0.0,0.0,0,0,0.0,0.0,0,0,0.0,0.0,0.0,0,0,0.0,0.0,0
2026-07-24 19:00:00-04:00,0,0,0.0,0.0,0.0,0,0,0.0,0.0,0,0,0.0,0.0,0.0,0,0,0.0,0.0,0,0,0.0,0.0,0.0,0,0,0.0,0.0,0
2026-07-24 20:00:00-04:00,0,0,0.0,0.0,0.0,0,0,0.0,0.0,0,0,0.0,0.0,0.0,0,0,0.0,0.0,0,0,0.0,0.0,0.0,0,0,0.0,0.0,0
2026-07-24 21:00:00-04:00,0,0,0.0,0.0,0.0,0,0,0.0,0.0,0,0,0.0,0.0,0.0,0,0,0.0,0.0,0,0,0.0,0.0,0.0,0,0,0.0,0.0,0
2026-07-24 22:00:00-04:00,0,0,0.0,0.0,0.0,0,0,0.0,0.0,0,0,0.0,0.0,0.0,0,0,0.0,0.0,0,0,0.0,0.0,0.0,0,0,0.0,0.0,0
2026-07-24 23:00:00-04:00,0,0,0.0,0.0,0.0,0,0,0.0,0.0,0,0,0.0,0.0,0.0,0,0,0.0,0.0,0,0,0.0,0.0,0.0,0,0,0.0,0.0,0
2026-07-25 00:00:00-04:00,0,0,0.0,0.0,0.0,0,0,0.0,0.0,0,0,0.0,0.0,0.0,0,0,0.0,0.0,0,0,0.0,0.0,0.0,0,0,0.0,0.0,0
2026-07-25 01:00:00-04:00,0,0,0.0,0.0,0.0,0,0,0.0,0.0,0,0,0.0,0.0,0.0,0,0,0.0,0.0,0,0,0.0,0.0,0.0,0,0,0.0,0.0,0
2026-07-25 02:00:00-04:00,0,0,0.0,0.0,0.0,0,0,0.0,0.0,0,0,0.0,0.0,0.0,0,0,0.0,0.0,0,0,0.0,0.0,0.0,0,0,0.0,0.0,0
2026-07-25 03:00:00-04:00,0,0,0.0,0.0,0.0,0,0,0.0,0.0,0,0,0.0,0.0,0.0,0,0,0.0,0.0,0,0,0.0,0.0,0.0,0,0,0.0,0.0,0
2026-07-25 04:00:00-04:00,0,0,0.0,0.0,0.0,0,0,0.0,0.0,0,0,0.0,0.0,0.0,0,0,0.0,0.0,0,0,0.0,0.0,0.0,0,0,0.0,0.0,0
2026-07-25 05:00:00-04:00,0,0,0.0,0.0,0.0,0,0,0.0,0.0,0,0,0.0,0.0,0.0,0,0,0.0,0.0,0,0,0.0,0.0,0.0,0,0,0.0,0.0,0
2026-07-25 06:00:00-04:00,0,0,0.0,0.0,0.0,0,0,0.0,0.0,0,0,0.0,0.0,0.0,0,0,0.0,0.0,0,0,0.0,0.0,0.0,0,0,0.0,0.0,0
2026-07-25 07:00:00-04:00,0,0,0.0,0.0,0.0,0,0,0.0,0.0,0,0,0.0,0.0,0.0,0,0,0.0,0.0,0,0,0.0,0.0,0.0,0,0,0.0,0.0,0
2026-07-25 08:00:00-04:00,0,0,0.0,0.0,0.0,0,0,0.0,0.0,0,0,0.0,0.0,0.0,0,0,0.0,0.0,0,0,0.0,0.0,0.0,0,0,0.0,0.0,0
2026-07-25 09:00:00-04:00,0,0,0.0,0.0,0.0,0,0,0.0,0.0,0,0,0.0,0.0,0.0,0,0,0.0,0.0,0,0,0.0,0.0,0.0,0,0,0.0,0.0,0
2026-07-25 10:00:00-04:00,0,0,0.0,0.0,0.0,0,0,0.0,0.0,0,0,0.0,0.0,0.0,0,0,0.0,0.0,0,0,0.0,0.0,0.0,0,0,0.0,0.0,0
2026-07-25 11:00:00-04:00,0,0,0.0,0.0,0.0,0,0,0.0,0.0,0,0,0.0,0.0,0.0,0,0,0.0,0.0,0,0,0.0,0.0,0.0,0,0,0.0,0.0,0
2026-07-25 12:00:00-04:00,0,0,0.0,0.0,0.0,0,0,0.0,0.0,0,0,0.0,0.0,0.0,0,0,0.0,0.0,0,0,0.0,0.0,0.0,0,0,0.0,0.0,0
2026-07-25 13:00:00-04:00,0,0,0.0,0.0,0.0,0,0,0.0,0.0,0,0,0.0,0.0,0.0,0,0,0.0,0.0,0,0,0.0,0.0,0.0,0,0,0.0,0.0,0
2026-07-25 14:00:00-04:00,0,0,0.0,0.0,0.0,0,0,0.0,0.0,0,0,0.0,0.0,0.0,0,0,0.0,0.0,0,0,0.0,0.0,0.0,0,0,0.0,0.0,0
2026-07-25 15:00:00-04:00,0,0,0.0,0.0,0.0,0,0,0.0,0.0,0,0,0.0,0.0,0.0,0,0,0.0,0.0,0,0,0.0,0.0,0.0,0,0,0.0,0.0,0
2026-07-25 16:00:00-04:00,0,0,0.0,0.0,0.0,0,0,0.0,0.0,0,0,0.0,0.0,0.0,0,0,0.0,0.0,0,0,0.0,0.0,0.0,0,0,0.0,0.0,0
2026-07-25 17:00:00-04:00,0,0,0.0,0.0,0.0,0,0,0.0,0.0,0,0,0.0,0.0,0.0,0,0,0.0,0.0,0,0,0.0,0.0,0.0,0,0,0.0,0.0,0
2026-07-25 18:00:00-04:00,0,0,0.0,0.0,0.0,0,0,0.0,0.0,0,0,0.0,0.0,0.0,0,0,0.0,0.0,0,0,0.0,0.0,0.0,0,0,0.0,0.0,0
2026-07-25 19:00:00-04:00,0,0,0.0,0.0,0.0,0,0,0.0,0.0,0,0,0.0,0.0,0.0,0,0,0.0,0.0,0,0,0.0,0.0,0.0,0,0,0.0,0.0,0
2026-07-25 20:00:00-04:00,0,0,0.0,0.0,0.0,0,0,0.0,0.0,0,0,0.0,0.0,0.0,0,0,0.0,0.0,0,0,0.0,0.0,0.0,0,0,0.0,0.0,0
2026-07-25 21:00:00-04:00,0,0,0.0,0.0,0.0,0,0,0.0,0.0,0,0,0.0,0.0,0.0,0,0,0.0,0.0,0,0,0.0,0.0,0.0,0,0,0.0,0.0,0
2026-07-25 22:00:00-04:00,0,0,0.0,0.0,0.0,0,0,0.0,0.0,0,0,0.0,0.0,0.0,0,0,0.0,0.0,0,0,0.0,0.0,0.0,0,0,0.0,0.0,0
2026-07-25 23:00:00-04:00,0,0,0.0,0.0,0.0,0,0,0.0,0.0,0,0,0.0,0.0,0.0,0,0,0.0,0.0,0,0,0.0,0.0,0.0,0,0,0.0,0.0,0
2026-07-26 00:00:00-04:00,0,0,0.0,0.0,0.0,0,0,0.0,0.0,0,0,0.0,0.0,0.0,0,0,0.0,0.0,0,0,0.0,0.0,0.0,0,0,0.0,0.0,0
2026-07-26 01:00:00-04:00,0,0,0.0,0.0,0.0,0,0,0.0,0.0,0,0,0.0,0.0,0.0,0,0,0.0,0.0,0,0,0.0,0.0,0.0,0,0,0.0,0.0,0
2026-07-26 02:00:00-04:00,0,0,0.0,0.0,0.0,0,0,0.0,0.0,0,0,0.0,0.0,0.0,0,0,0.0,0.0,0,0,0.0,0.0,0.0,0,0,0.0,0.0,0
2026-07-26 03:00:00-04:00,0,0,0.0,0.0,0.0,0,0,0.0,0.0,0,0,0.0,0.0,0.0,0,0,0.0,0.0,0,0,0.0,0.0,0.0,0,0,0.0,0.0,0
2026-07-26 04:00:00-04:00,0,0,0.0,0.0,0.0,0,0,0.0,0.0,0,0,0.0,0.0,0.0,0,0,0.0,0.0,0,0,0.0,0.0,0.0,0,0,0.0,0.0,0
2026-07-26 05:00:00-04:00,0,0,0.0,0.0,0.0,0,0,0.0,0.0,0,0,0.0,0.0,0.0,0,0,0.0,0.0,0,0,0.0,0.0,0.0,0,0,0.0,0.0,0
2026-07-26 06:00:00-04:00,0,0,0.0,0.0,0.0,0,0,0.0,0.0,0,0,0.0,0.0,0.0,0,0,0.0,0.0,0,0,0.0,0.0,0.0,0,0,0.0,0.0,0
2026-07-26 07:00:00-04:00,0,0,0.0,0.0,0.0,0,0,0.0,0.0,0,0,0.0,0.0,0.0,0,0,0.0,0.0,0,0,0.0,0.0,0.0,0,0,0.0,0.0,0
2026-07-26 08:00:00-04:00,0,0,0.0,0.0,0.0,0,0,0.0,0.0,0,0,0.0,0.0,0.0,0,0,0.0,0.0,0,0,0.0,0.0,0.0,0,0,0.0,0.0,0
2026-07-26 09:00:00-04:00,0,0,0.0,0.0,0.0,0,0,0.0,0.0,0,0,0.0,0.0,0.0,0,0,0.0,0.0,0,0,0.0,0.0,0.0,0,0,0.0,0.0,0
2026-07-26 10:00:00-04:00,0,0,0.0,0.0,0.0,0,0,0.0,0.0,0,0,0.0,0.0,0.0,0,0,0.0,0.0,0,0,0.0,0.0,0.0,0,0,0.0,0.0,0
2026-07-26 11:00:00-04:00,0,0,0.0,0.0,0.0,0,0,0.0,0.0,0,0,0.0,0.0,0.0,0,0,0.0,0.0,0,0,0.0,0.0,0.0,0,0,0.0,0.0,0
2026-07-26 12:00:00-04:00,0,0,0.0,0.0,0.0,0,0,0.0,0.0,0,0,0.0,0.0,0.0,0,0,0.0,0.0,0,0,0.0,0.0,0.0,0,0,0.0,0.0,0
2026-07-26 13:00:00-04:00,0,0,0.0,0.0,0.0,0,0,0.0,0.0,0,0,0.0,0.0,0.0,0,0,0.0,0.0,0,0,0.0,0.0,0.0,0,0,0.0,0.0,0
2026-07-26 14:00:00-04:00,0,0,0.0,0.0,0.0,0,0,0.0,0.0,0,0,0.0,0.0,0.0,0,0,0.0,0.0,0,0,0.0,0.0,0.0,0,0,0.0,0.0,0
2026-07-26 15:00:00-04:00,0,0,0.0,0.0,0.0,0,0,0.0,0.0,0,0,0.0,0.0,0.0,0,0,0.0,0.0,0,0,0.0,0.0,0.0,0,0,0.0,0.0,0
2026-07-26 16:00:00-04:00,0,0,0.0,0.0,0.0,0,0,0.0,0.0,0,0,0.0,0.0,0.0,0,0,0.0,0.0,0,0,0.0,0.0,0.0,0,0,0.0,0.0,0
2026-07-26 17:00:00-04:00,0,0,0.0,0.0,0.0,0,0,0.0,0.0,0,0,0.0,0.0,0.0,0,0,0.0,0.0,0,0,0.0,0.0,0.0,0,0,0.0,0.0,0
2026-07-26 18:00:00-04:00,0,0,0.0,0.0,0.0,0,0,0.0,0.0,0,0,0.0,0.0,0.0,0,0,0.0,0.0,0,0,0.0,0.0,0.0,0,0,0.0,0.0,0
2026-07-26 19:00:00-04:00,0,0,0.0,0.0,0.0,0,0,0.0,0.0,0,0,0.0,0.0,0.0,0,0,0.0,0.0,0,0,0.0,0.0,0.0,0,0,0.0,0.0,0
2026-07-26 20:00:00-04:00,0,0,0.0,0.0,0.0,0,0,0.0,0.0,0,0,0.0,0.0,0.0,0,0,0.0,0.0,0,0,0.0,0.0,0.0,0,0,0.0,0.0,0
2026-07-26 21:00:00-04:00,0,0,0.0,0.0,0.0,0,0,0.0,0.0,0,0,0.0,0.0,0.0,0,0,0.0,0.0,0,0,0.0,0.0,0.0,0,0,0.0,0.0,0
2026-07-26 22:00:00-04:00,0,0,0.0,0.0,0.0,0,0,0.0,0.0,0,0,0.0,0.0,0.0,0,0,0.0,0.0,0,0,0.0,0.0,0.0,0,0,0.0,0.0,0
2026-07-26 23:00:00-04:00,0,0,0.0,0.0,0.0,0,0,0.0,0.0,0,0,0.0,0.0,0.0,0,0,0.0,0.0,0,0,0.0,0.0,0.0,0,0,0.0,0.0,0
2026-07-27 00:00:00-04:00,0,0,0.0,0.0,0.0,0,0,0.0,0.0,0,0,0.0,0.0,0.0,0,0,0.0,0.0,0,0,0.0,0.0,0.0,0,0,0.0,0.0,0
2026-07-27 01:00:00-04:00,0,0,0.0,0.0,0.0,0,0,0.0,0.0,0,0,0.0,0.0,0.0,0,0,0.0,0.0,0,0,0.0,0.0,0.0,0,0,0.0,0.0,0
2026-07-27 02:00:00-04:00,0,0,0.0,0.0,0.0,0,0,0.0,0.0,0,0,0.0,0.0,0.0,0,0,0.0,0.0,0,0,0.0,0.0,0.0,0,0,0.0,0.0,0
2026-07-27 03:00:00-04:00,0,0,0.0,0.0,0.0,0,0,0.0,0.0,0,0,0.0,0.0,0.0,0,0,0.0,0.0,0,0,0.0,0.0,0.0,0,0,0.0,0.0,0
2026-07-27 04:00:00-04:00,0,0,0.0,0.0,0.0,0,0,0.0,0.0,0,0,0.0,0.0,0.0,0,0,0.0,0.0,0,0,0.0,0.0,0.0,0,0,0.0,0.0,0
2026-07-27 05:00:00-04:00,0,0,0.0,0.0,0.0,0,0,0.0,0.0,0,0,0.0,0.0,0.0,0,0,0.0,0.0,0,0,0.0,0.0,0.0,0,0,0.0,0.0,0
2026-07-27 06:00:00-04:00,0,0,0.0,0.0,0.0,0,0,0.0,0.0,0,0,0.0,0.0,0.0,0,0,0.0,0.0,0,0,0.0,0.0,0.0,0,0,0.0,0.0,0
2026-07-27 07:00:00-04:00,0,0,0.0,0.0,0.0,0,0,0.0,0.0,0,0,0.0,0.0,0.0,0,0,0.0,0.0,0,0,0.0,0.0,0.0,0,0,0.0,0.0,0
2026-07-27 08:00:00-04:00,0,0,0.0,0.0,0.0,0,0,0.0,0.0,0,0,0.0,0.0,0.0,0,0,0.0,0.0,0,0,0.0,0.0,0.0,0,0,0.0,0.0,0
2026-07-27 09:00:00-04:00,0,0,0.0,0.0,0.0,0,0,0.0,0.0,0,0,0.0,0.0,0.0,0,0,0.0,0.0,0,0,0.0,0.0,0.0,0,0,0.0,0.0,0
2026-07-27 10:00:00-04:00,0,0,0.0,0.0,0.0,0,0,0.0,0.0,0,0,0.0,0.0,0.0,0,0,0.0,0.0,0,0,0.0,0.0,0.0,0,0,0.0,0.0,0
2026-07-27 11:00:00-04:00,0,0,0.0,0.0,0.0,0,0,0.0,0.0,0,0,0.0,0.0,0.0,0,0,0.0,0.0,0,0,0.0,0.0,0.0,0,0,0.0,0.0,0
2026-07-27 12:00:00-04:00,0,0,0.0,0.0,0.0,0,0,0.0,0.0,0,0,0.0,0.0,0.0,0,0,0.0,0.0,0,0,0.0,0.0,0.0,0,0,0.0,0.0,0
2026-07-27 13:00:00-04:00,0,0,0.0,0.0,0.0,0,0,0.0,0.0,0,0,0.0,0.0,0.0,0,0,0.0,0.0,0,0,0.0,0.0,0.0,0,0,0.0,0.0,0
2026-07-27 14:00:00-04:00,0,0,0.0,0.0,0.0,0,0,0.0,0.0,0,0,0.0,0.0,0.0,0,0,0.0,0.0,0,0,0.0,0.0,0.0,0,0,0.0,0.0,0
2026-07-27 15:00:00-04:00,0,0,0.0,0.0,0.0,0,0,0.0,0.0,0,0,0.0,0.0,0.0,0,0,0.0,0.0,0,0,0.0,0.0,0.0,0,0,0.0,0.0,0
2026-07-27 16:00:00-04:00,0,0,0.0,0.0,0.0,0,0,0.0,0.0,0,0,0.0,0.0,0.0,0,0,0.0,0.0,0,0,0.0,0.0,0.0,0,0,0.0,0.0,0
2026-07-27 17:00:00-04:00,0,0,0.0,0.0,0.0,0,0,0.0,0.0,0,0,0.0,0.0,0.0,0,0,0.0,0.0,0,0,0.0,0.0,0.0,0,0,0.0,0.0,0
2026-07-27 18:00:00-04:00,0,0,0.0,0.0,0.0,0,0,0.0,0.0,0,0,0.0,0.0,0.0,0,0,0.0,0.0,0,0,0.0,0.0,0.0,0,0,0.0,0.0,0
2026-07-27 19:00:00-04:00,0,0,0.0,0.0,0.0,0,0,0.0,0.0,0,0,0.0,0.0,0.0,0,0,0.0,0.0,0,0,0.0,0.0,0.0,0,0,0.0,0.0,0
2026-07-27 20:00:00-04:00,0,0,0.0,0.0,0.0,0,0,0.0,0.0,0,0,0.0,0.0,0.0,0,0,0.0,0.0,0,0,0.0,0.0,0.0,0,0,0.0,0.0,0
2026-07-27 21:00:00-04:00,0,0,0.0,0.0,0.0,0,0,0.0,0.0,0,0,0.0,0.0,0.0,0,0,0.0,0.0,0,0,0.0,0.0,0.0,0,0,0.0,0.0,0
2026-07-27 22:00:00-04:00,0,0,0.0,0.0,0.0,0,0,0.0,0.0,0,0,0.0,0.0,0.0,0,0,0.0,0.0,0,0,0.0,0.0,0.0,0,0,0.0,0.0,0
2026-07-27 23:00:00-04:00,0,0,0.0,0.0,0.0,0,0,0.0,0.0,0,0,0.0,0.0,0.0,0,0,0.0,0.0,0,0,0.0,0.0,0.0,0,0,0.0,0.0,0
2026-07-28 00:00:00-04:00,0,0,0.0,0.0,0.0,0,0,0.0,0.0,0,0,0.0,0.0,0.0,0,0,0.0,0.0,0,0,0.0,0.0,0.0,0,0,0.0,0.0,0
2026-07-28 01:00:00-04:00,0,0,0.0,0.0,0.0,0,0,0.0,0.0,0,0,0.0,0.0,0.0,0,0,0.0,0.0,0,0,0.0,0.0,0.0,0,0,0.0,0.0,0
2026-07-28 02:00:00-04:00,0,0,0.0,0.0,0.0,0,0,0.0,0.0,0,0,0.0,0.0,0.0,0,0,0.0,0.0,0,0,0.0,0.0,0.0,0,0,0.0,0.0,0
2026-07-28 03:00:00-04:00,0,0,0.0,0.0,0.0,0,0,0.0,0.0,0,0,0.0,0.0,0.0,0,0,0.0,0.0,0,0,0.0,0.0,0.0,0,0,0.0,0.0,0
2026-07-28 04:00:00-04:00,0,0,0.0,0.0,0.0,0,0,0.0,0.0,0,0,0.0,0.0,0.0,0,0,0.0,0.0,0,0,0.0,0.0,0.0,0,0,0.0,0.0,0
2026-07-28 05:00:00-04:00,0,0,0.0,0.0,0.0,0,0,0.0,0.0,0,0,0.0,0.0,0.0,0,0,0.0,0.0,0,0,0.0,0.0,0.0,0,0,0.0,0.0,0
2026-07-28 06:00:00-04:00,0,0,0.0,0.0,0.0,0,0,0.0,0.0,0,0,0.0,0.0,0.0,0,0,0.0,0.0,0,0,0.0,0.0,0.0,0,0,0.0,0.0,0
2026-07-28 07:00:00-04:00,0,0,0.0,0.0,0.0,0,0,0.0,0.0,0,0,0.0,0.0,0.0,0,0,0.0,0.0,0,0,0.0,0.0,0.0,0,0,0.0,0.0,0
2026-07-28 08:00:00-04:00,0,0,0.0,0.0,0.0,0,0,0.0,0.0,0,0,0.0,0.0,0.0,0,0,0.0,0.0,0,0,0.0,0.0,0.0,0,0,0.0,0.0,0
2026-07-28 09:00:00-04:00,0,0,0.0,0.0,0.0,0,0,0.0,0.0,0,0,0.0,0.0,0.0,0,0,0.0,0.0,0,0,0.0,0.0,0.0,0,0,0.0,0.0,0
2026-07-28 10:00:00-04:00,0,0,0.0,0.0,0.0,0,0,0.0,0.0,0,0,0.0,0.0,0.0,0,0,0.0,0.0,0,0,0.0,0.0,0.0,0,0,0.0,0.0,0
2026-07-28 11:00:00-04:00,0,0,0.0,0.0,0.0,0,0,0.0,0.0,0,0,0.0,0.0,0.0,0,0,0.0,0.0,0,0,0.0,0.0,0.0,0,0,0.0,0.0,0
2026-07-28 12:00:00-04:00,0,0,0.0,0.0,0.0,0,0,0.0,0.0,0,0,0.0,0.0,0.0,0,0,0.0,0.0,0,0,0.0,0.0,0.0,0,0,0.0,0.0,0
2026-07-28 13:00:00-04:00,0,0,0.0,0.0,0.0,0,0,0.0,0.0,0,0,0.0,0.0,0.0,0,0,0.0,0.0,0,0,0.0,0.0,0.0,0,0,0.0,0.0,0
2026-07-28 14:00:00-04:00,0,0,0.0,0.0,0.0,0,0,0.0,0.0,0,0,0.0,0.0,0.0,0,0,0.0,0.0,0,0,0.0,0.0,0.0,0,0,0.0,0.0,0
2026-07-28 15:00:00-04:00,0,0,0.0,0.0,0.0,0,0,0.0,0.0,0,0,0.0,0.0,0.0,0,0,0.0,0.0,0,0,0.0,0.0,0.0,0,0,0.0,0.0,0
2026-07-28 16:00:00-04:00,0,0,0.0,0.0,0.0,0,0,0.0,0.0,0,0,0.0,0.0,0.0,0,0,0.0,0.0,0,0,0.0,0.0,0.0,0,0,0.0,0.0,0
2026-07-28 17:00:00-04:00,0,0,0.0,0.0,0.0,0,0,0.0,0.0,0,0,0.0,0.0,0.0,0,0,0.0,0.0,0,0,0.0,0.0,0.0,0,0,0.0,0.0,0
2026-07-28 18:00:00-04:00,0,0,0.0,0.0,0.0,0,0,0.0,0.0,0,0,0.0,0.0,0.0,0,0,0.0,0.0,0,0,0.0,0.0,0.0,0,0,0.0,0.0,0
2026-07-28 19:00:00-04:00,0,0,0.0,0.0,0.0,0,0,0.0,0.0,0,0,0.0,0.0,0.0,0,0,0.0,0.0,0,0,0.0,0.0,0.0,0,0,0.0,0.0,0
2026-07-28 20:00:00-04:00,0,0,0.0,0.0,0.0,0,0,0.0,0.0,0,0,0.0,0.0,0.0,0,0,0.0,0.0,0,0,0.0,0.0,0.0,0,0,0.0,0.0,0
2026-07-28 21:00:00-04:00,0,0,0.0,0.0,0.0,0,0,0.0,0.0,0,0,0.0,0.0,0.0,0,0,0.0,0.0,0,0,0.0,0.0,0.0,0,0,0.0,0.0,0
2026-07-28 22:00:00-04:00,0,0,0.0,0.0,0.0,0,0,0.0,0.0,0,0,0.0,0.0,0.0,0,0,0.0,0.0,0,0,0.0,0.0,0.0,0,0,0.0,0.0,0
2026-07-28 23:00:00-04:00,0,0,0.0,0.0,0.0,0,0,0.0,0.0,0,0,0.0,0.0,0.0,0,0,0.0,0.0,0,0,0.0,0.0,0.0,0,0,0.0,0.0,0
2026-07-29 00:00:00-04:00,0,0,0.0,0.0,0.0,0,0,0.0,0.0,0,0,0.0,0.0,0.0,0,0,0.0,0.0,0,0,0.0,0.0,0.0,0,0,0.0,0.0,0
2026-07-29 01:00:00-04:00,0,0,0.0,0.0,0.0,0,0,0.0,0.0,0,0,0.0,0.0,0.0,0,0,0.0,0.0,0,0,0.0,0.0,0.0,0,0,0.0,0.0,0
2026-07-29 02:00:00-04:00,0,0,0.0,0.0,0.0,0,0,0.0,0.0,0,0,0.0,0.0,0.0,0,0,0.0,0.0,0,0,0.0,0.0,0.0,0,0,0.0,0.0,0
2026-07-29 03:00:00-04:00,0,0,0.0,0.0,0.0,0,0,0.0,0.0,0,0,0.0,0.0,0.0,0,0,0.0,0.0,0,0,0.0,0.0,0.0,0,0,0.0,0.0,0
2026-07-29 04:00:00-04:00,0,0,0.0,0.0,0.0,0,0,0.0,0.0,0,0,0.0,0.0,0.0,0,0,0.0,0.0,0,0,0.0,0.0,0.0,0,0,0.0,0.0,0
2026-07-29 05:00:00-04:00,0,0,0.0,0.0,0.0,0,0,0.0,0.0,0,0,0.0,0.0,0.0,0,0,0.0,0.0,0,0,0.0,0.0,0.0,0,0,0.0,0.0,0
2026-07-29 06:00:00-04:00,0,0,0.0,0.0,0.0,0,0,0.0,0.0,0,0,0.0,0.0,0.0,0,0,0.0,0.0,0,0,0.0,0.0,0.0,0,0,0.0,0.0,0
2026-07-29 07:00:00-04:00,0,0,0.0,0.0,0.0,0,0,0.0,0.0,0,0,0.0,0.0,0.0,0,0,0.0,0.0,0,0,0.0,0.0,0.0,0,0,0.0,0.0,0
2026-07-29 08:00:00-04:00,0,0,0.0,0.0,0.0,0,0,0.0,0.0,0,0,0.0,0.0,0.0,0,0,0.0,0.0,0,0,0.0,0.0,0.0,0,0,0.0,0.0,0
2026-07-29 09:00:00-04:00,0,0,0.0,0.0,0.0,0,0,0.0,0.0,0,0,0.0,0.0,0.0,0,0,0.0,0.0,0,0,0.0,0.0,0.0,0,0,0.0,0.0,0
2026-07-29 10:00:00-04:00,0,0,0.0,0.0,0.0,0,0,0.0,0.0,0,0,0.0,0.0,0.0,0,0,0.0,0.0,0,0,0.0,0.0,0.0,0,0,0.0,0.0,0
2026-07-29 11:00:00-04:00,0,0,0.0,0.0,0.0,0,0,0.0,0.0,0,0,0.0,0.0,0.0,0,0,0.0,0.0,0,0,0.0,0.0,0.0,0,0,0.0,0.0,0
2026-07-29 12:00:00-04:00,0,0,0.0,0.0,0.0,0,0,0.0,0.0,0,0,0.0,0.0,0.0,0,0,0.0,0.0,0,0,0.0,0.0,0.0,0,0,0.0,0.0,0
2026-07-29 13:00:00-04:00,0,0,0.0,0.0,0.0,0,0,0.0,0.0,0,0,0.0,0.0,0.0,0,0,0.0,0.0,0,0,0.0,0.0,0.0,0,0,0.0,0.0,0
2026-07-29 14:00:00-04:00,0,0,0.0,0.0,0.0,0,0,0.0,0.0,0,0,0.0,0.0,0.0,0,0,0.0,0.0,0,0,0.0,0.0,0.0,0,0,0.0,0.0,0
2026-07-29 15:00:00-04:00,0,0,0.0,0.0,0.0,0,0,0.0,0.0,0,0,0.0,0.0,0.0,0,0,0.0,0.0,0,0,0.0,0.0,0.0,0,0,0.0,0.0,0
2026-07-29 16:00:00-04:00,0,0,0.0,0.0,0.0,0,0,0.0,0.0,0,0,0.0,0.0,0.0,0,0,0.0,0.0,0,0,0.0,0.0,0.0,0,0,0.0,0.0,0
2026-07-29 17:00:00-04:00,0,0,0.0,0.0,0.0,0,0,0.0,0.0,0,0,0.0,0.0,0.0,0,0,0.0,0.0,0,0,0.0,0.0,0.0,0,0,0.0,0.0,0
2026-07-29 18:00:00-04:00,0,0,0.0,0.0,0.0,0,0,0.0,0.0,0,0,0.0,0.0,0.0,0,0,0.0,0.0,0,0,0.0,0.0,0.0,0,0,0.0,0.0,0
2026-07-29 19:00:00-04:00,0,0,0.0,0.0,0.0,0,0,0.0,0.0,0,0,0.0,0.0,0.0,0,0,0.0,0.0,0,0,0.0,0.0,0.0,0,0,0.0,0.0,0
2026-07-29 20:00:00-04:00,0,0,0.0,0.0,0.0,0,0,0.0,0.0,0,0,0.0,0.0,0.0,0,0,0.0,0.0,0,0,0.0,0.0,0.0,0,0,0.0,0.0,0
2026-07-29 21:00:00-04:00,0,0,0.0,0.0,0.0,0,0,0.0,0.0,0,0,0.0,0.0,0.0,0,0,0.0,0.0,0,0,0.0,0.0,0.0,0,0,0.0,0.0,0
2026-07-29 22:00:00-04:00,0,0,0.0,0.0,0.0,0,0,0.0,0.0,0,0,0.0,0.0,0.0,0,0,0.0,0.0,0,0,0.0,0.0,0.0,0,0,0.0,0.0,0
2026-07-29 23:00:00-04:00,0,0,0.0,0.0,0.0,0,0,0.0,0.0,0,0,0.0,0.0,0.0,0,0,0.0,0.0,0,0,0.0,0.0,0.0,0,0,0.0,0.0,0
2026-07-30 00:00:00-04:00,0,0,0.0,0.0,0.0,0,0,0.0,0.0,0,0,0.0,0.0,0.0,0,0,0.0,0.0,0,0,0.0,0.0,0.0,0,0,0.0,0.0,0
2026-07-30 01:00:00-04:00,0,0,0.0,0.0,0.0,0,0,0.0,0.0,0,0,0.0,0.0,0.0,0,0,0.0,0.0,0,0,0.0,0.0,0.0,0,0,0.0,0.0,0
2026-07-30 02:00:00-04:00,0,0,0.0,0.0,0.0,0,0,0.0,0.0,0,0,0.0,0.0,0.0,0,0,0.0,0.0,0,0,0.0,0.0,0.0,0,0,0.0,0.0,0
2026-07-30 03:00:00-04:00,0,0,0.0,0.0,0.0,0,0,0.0,0.0,0,0,0.0,0.0,0.0,0,0,0.0,0.0,0,0,0.0,0.0,0.0,0,0,0.0,0.0,0
2026-07-30 04:00:00-04:00,0,0,0.0,0.0,0.0,0,0,0.0,0.0,0,0,0.0,0.0,0.0,0,0,0.0,0.0,0,0,0.0,0.0,0.0,0,0,0.0,0.0,0
2026-07-30 05:00:00-04:00,0,0,0.0,0.0,0.0,0,0,0.0,0.0,0,0,0.0,0.0,0.0,0,0,0.0,0.0,0,0,0.0,0.0,0.0,0,0,0.0,0.0,0
2026-07-30 06:00:00-04:00,0,0,0.0,0.0,0.0,0,0,0.0,0.0,0,0,0.0,0.0,0.0,0,0,0.0,0.0,0,0,0.0,0.0,0.0,0,0,0.0,0.0,0
2026-07-30 07:00:00-04:00,0,0,0.0,0.0,0.0,0,0,0.0,0.0,0,0,0.0,0.0,0.0,0,0,0.0,0.0,0,0,0.0,0.0,0.0,0,0,0.0,0.0,0
2026-07-30 08:00:00-04:00,0,0,0.0,0.0,0.0,0,0,0.0,0.0,0,0,0.0,0.0,0.0,0,0,0.0,0.0,0,0,0.0,0.0,0.0,0,0,0.0,0.0,0
2026-07-30 09:00:00-04:00,0,0,0.0,0.0,0.0,0,0,0.0,0.0,0,0,0.0,0.0,0.0,0,0,0.0,0.0,0,0,0.0,0.0,0.0,0,0,0.0,0.0,0
2026-07-30 10:00:00-04:00,0,0,0.0,0.0,0.0,0,0,0.0,0.0,0,0,0.0,0.0,0.0,0,0,0.0,0.0,0,0,0.0,0.0,0.0,0,0,0.0,0.0,0
2026-07-30 11:00:00-04:00,0,0,0.0,0.0,0.0,0,0,0.0,0.0,0,0,0.0,0.0,0.0,0,0,0.0,0.0,0,0,0.0,0.0,0.0,0,0,0.0,0.0,0
2026-07-30 12:00:00-04:00,0,0,0.0,0.0,0.0,0,0,0.0,0.0,0,0,0.0,0.0,0.0,0,0,0.0,0.0,0,0,0.0,0.0,0.0,0,0,0.0,0.0,0
2026-07-30 13:00:00-04:00,0,0,0.0,0.0,0.0,0,0,0.0,0.0,0,0,0.0,0.0,0.0,0,0,0.0,0.0,0,0,0.0,0.0,0.0,0,0,0.0,0.0,0
2026-07-30 14:00:00-04:00,0,0,0.0,0.0,0.0,0,0,0.0,0.0,0,0,0.0,0.0,0.0,0,0,0.0,0.0,0,0,0.0,0.0,0.0,0,0,0.0,0.0,0
2026-07-30 15:00:00-04:00,0,0,0.0,0.0,0.0,0,0,0.0,0.0,0,0,0.0,0.0,0.0,0,0,0.0,0.0,0,0,0.0,0.0,0.0,0,0,0.0,0.0,0
2026-07-30 16:00:00-04:00,0,0,0.0,0.0,0.0,0,0,0.0,0.0,0,0,0.0,0.0,0.0,0,0,0.0,0.0,0,0,0.0,0.0,0.0,0,0,0.0,0.0,0
2026-07-30 17:00:00-04:00,0,0,0.0,0.0,0.0,0,0,0.0,0.0,0,0,0.0,0.0,0.0,0,0,0.0,0.0,0,0,0.0,0.0,0.0,0,0,0.0,0.0,0
2026-07-30 18:00:00-04:00,0,0,0.0,0.0,0.0,0,0,0.0,0.0,0,0,0.0,0.0,0.0,0,0,0.0,0.0,0,0,0.0,0.0,0.0,0,0,0.0,0.0,0
2026-07-30 19:00:00-04:00,0,0,0.0,0.0,0.0,0,0,0.0,0.0,0,0,0.0,0.0,0.0,0,0,0.0,0.0,0,0,0.0,0.0,0.0,0,0,0.0,0.0,0
2026-07-30 20:00:00-04:00,0,0,0.0,0.0,0.0,0,0,0.0,0.0,0,0,0.0,0.0,0.0,0,0,0.0,0.0,0,0,0.0,0.0,0.0,0,0,0.0,0.0,0
2026-07-30 21:00:00-04:00,0,0,0.0,0.0,0.0,0,0,0.0,0.0,0,0,0.0,0.0,0.0,0,0,0.0,0.0,0,0,0.0,0.0,0.0,0,0,0.0,0.0,0
2026-07-30 22:00:00-04:00,0,0,0.0,0.0,0.0,0,0,0.0,0.0,0,0,0.0,0.0,0.0,0,0,0.0,0.0,0,0,0.0,0.0,0.0,0,0,0.0,0.0,0
2026-07-30 23:00:00-04:00,0,0,0.0,0.0,0.0,0,0,0.0,0.0,0,0,0.0,0.0,0.0,0,0,0.0,0.0,0,0,0.0,0.0,0.0,0,0,0.0,0.0,0
2026-07-31 00:00:00-04:00,0,0,0.0,0.0,0.0,0,0,0.0,0.0,0,0,0.0,0.0,0.0,0,0,0.0,0.0,0,0,0.0,0.0,0.0,0,0,0.0,0.0,0
2026-07-31 01:00:00-04:00,0,0,0.0,0.0,0.0,0,0,0.0,0.0,0,0,0.0,0.0,0.0,0,0,0.0,0.0,0,0,0.0,0.0,0.0,0,0,0.0,0.0,0
2026-07-31 02:00:00-04:00,0,0,0.0,0.0,0.0,0,0,0.0,0.0,0,0,0.0,0.0,0.0,0,0,0.0,0.0,0,0,0.0,0.0,0.0,0,0,0.0,0.0,0
2026-07-31 03:00:00-04:00,0,0,0.0,0.0,0.0,0,0,0.0,0.0,0,0,0.0,0.0,0.0,0,0,0.0,0.0,0,0,0.0,0.0,0.0,0,0,0.0,0.0,0
2026-07-31 04:00:00-04:00,0,0,0.0,0.0,0.0,0,0,0.0,0.0,0,0,0.0,0.0,0.0,0,0,0.0,0.0,0,0,0.0,0.0,0.0,0,0,0.0,0.0,0
2026-07-31 05:00:00-04:00,0,0,0.0,0.0,0.0,0,0,0.0,0.0,0,0,0.0,0.0,0.0,0,0,0.0,0.0,0,0,0.0,0.0,0.0,0,0,0.0,0.0,0
2026-07-31 06:00:00-04:00,0,0,0.0,0.0,0.0,0,0,0.0,0.0,0,0,0.0,0.0,0.0,0,0,0.0,0.0,0,0,0.0,0.0,0.0,0,0,0.0,0.0,0
2026-07-31 07:00:00-04:00,0,0,0.0,0.0,0.0,0,0,0.0,0.0,0,0,0.0,0.0,0.0,0,0,0.0,0.0,0,0,0.0,0.0,0.0,0,0,0.0,0.0,0
2026-07-31 08:00:00-04:00,0,0,0.0,0.0,0.0,0,0,0.0,0.0,0,0,0.0,0.0,0.0,0,0,0.0,0.0,0,0,0.0,0.0,0.0,0,0,0.0,0.0,0
2026-07-31 09:00:00-04:00,0,0,0.0,0.0,0.0,0,0,0.0,0.0,0,0,0.0,0.0,0.0,0,0,0.0,0.0,0,0,0.0,0.0,0.0,0,0,0.0,0.0,0
2026-07-31 10:00:00-04:00,0,0,0.0,0.0,0.0,0,0,0.0,0.0,0,0,0.0,0.0,0.0,0,0,0.0,0.0,0,0,0.0,0.0,0.0,0,0,0.0,0.0,0
2026-07-31 11:00:00-04:00,0,0,0.0,0.0,0.0,0,0,0.0,0.0,0,0,0.0,0.0,0.0,0,0,0.0,0.0,0,0,0.0,0.0,0.0,0,0,0.0,0.0,0
2026-07-31 12:00:00-04:00,0,0,0.0,0.0,0.0,0,0,0.0,0.0,0,0,0.0,0.0,0.0,0,0,0.0,0.0,0,0,0.0,0.0,0.0,0,0,0.0,0.0,0
2026-07-31 13:00:00-04:00,0,0,0.0,0.0,0.0,0,0,0.0,0.0,0,0,0.0,0.0,0.0,0,0,0.0,0.0,0,0,0.0,0.0,0.0,0,0,0.0,0.0,0
2026-07-31 14:00:00-04:00,0,0,0.0,0.0,0.0,0,0,0.0,0.0,0,0,0.0,0.0,0.0,0,0,0.0,0.0,0,0,0.0,0.0,0.0,0,0,0.0,0.0,0
2026-07-31 15:00:00-04:00,0,0,0.0,0.0,0.0,0,0,0.0,0.0,0,0,0.0,0.0,0.0,0,0,0.0,0.0,0,0,0.0,0.0,0.0,0,0,0.0,0.0,0
2026-07-31 16:00:00-04:00,0,0,0.0,0.0,0.0,0,0,0.0,0.0,0,0,0.0,0.0,0.0,0,0,0.0,0.0,0,0,0.0,0.0,0.0,0,0,0.0,0.0,0
2026-07-31 17:00:00-04:00,0,0,0.0,0.0,0.0,0,0,0.0,0.0,0,0,0.0,0.0,0.0,0,0,0.0,0.0,0,0,0.0,0.0,0.0,0,0,0.0,0.0,0
2026-07-31 18:00:00-04:00,0,0,0.0,0.0,0.0,0,0,0.0,0.0,0,0,0.0,0.0,0.0,0,0,0.0,0.0,0,0,0.0,0.0,0.0,0,0,0.0,0.0,0
2026-07-31 19:00:00-04:00,0,0,0.0,0.0,0.0,0,0,0.0,0.0,0,0,0.0,0.0,0.0,0,0,0.0,0.0,0,0,0.0,0.0,0.0,0,0,0.0,0.0,0
2026-07-31 20:00:00-04:00,0,0,0.0,0.0,0.0,0,0,0.0,0.0,0,0,0.0,0.0,0.0,0,0,0.0,0.0,0,0,0.0,0.0,0.0,0,0,0.0,0.0,0
2026-07-31 21:00:00-04:00,0,0,0.0,0.0,0.0,0,0,0.0,0.0,0,0,0.0,0.0,0.0,0,0,0.0,0.0,0,0,0.0,0.0,0.0,0,0,0.0,0.0,0
2026-07-31 22:00:00-04:00,0,0,0.0,0.0,0.0,0,0,0.0,0.0,0,0,0.0,0.0,0.0,0,0,0.0,0.0,0,0,0.0,0.0,0.0,0,0,0.0,0.0,0
2026-07-31 23:00:00-04:00,0,0,0.0,0.0,0.0,0,0,0.0,0.0,0,0,0.0,0.0,0.0,0,0,0.0,0.0,0,0,0.0,0.0,0.0,0,0,0.0,0.0,0
2026-08-01 00:00:00-04:00,0,0,0.0,0.0,0.0,0,0,0.0,0.0,0,0,0.0,0.0,0.0,0,0,0.0,0.0,0,0,0.0,0.0,0.0,0,0,0.0,0.0,0
2026-08-01 01:00:00-04:00,0,0,0.0,0.0,0.0,0,0,0.0,0.0,0,0,0.0,0.0,0.0,0,0,0.0,0.0,0,0,0.0,0.0,0.0,0,0,0.0,0.0,0
2026-08-01 02:00:00-04:00,0,0,0.0,0.0,0.0,0,0,0.0,0.0,0,0,0.0,0.0,0.0,0,0,0.0,0.0,0,0,0.0,0.0,0.0,0,0,0.0,0.0,0
2026-08-01 03:00:00-04:00,0,0,0.0,0.0,0.0,0,0,0.0,0.0,0,0,0.0,0.0,0.0,0,0,0.0,0.0,0,0,0.0,0.0,0.0,0,0,0.0,0.0,0
2026-08-01 04:00:00-04:00,0,0,0.0,0.0,0.0,0,0,0.0,0.0,0,0,0.0,0.0,0.0,0,0,0.0,0.0,0,0,0.0,0.0,0.0,0,0,0.0,0.0,0
2026-08-01 05:00:00-04:00,0,0,0.0,0.0,0.0,0,0,0.0,0.0,0,0,0.0,0.0,0.0,0,0,0.0,0.0,0,0,0.0,0.0,0.0,0,0,0.0,0.0,0
2026-08-01 06:00:00-04:00,0,0,0.0,0.0,0.0,0,0,0.0,0.0,0,0,0.0,0.0,0.0,0,0,0.0,0.0,0,0,0.0,0.0,0.0,0,0,0.0,0.0,0
2026-08-01 07:00:00-04:00,0,0,0.0,0.0,0.0,0,0,0.0,0.0,0,0,0.0,0.0,0.0,0,0,0.0,0.0,0,0,0.0,0.0,0.0,0,0,0.0,0.0,0
2026-08-01 08:00:00-04:00,0,0,0.0,0.0,0.0,0,0,0.0,0.0,0,0,0.0,0.0,0.0,0,0,0.0,0.0,0,0,0.0,0.0,0.0,0,0,0.0,0.0,0
2026-08-01 09:00:00-04:00,0,0,0.0,0.0,0.0,0,0,0.0,0.0,0,0,0.0,0.0,0.0,0,0,0.0,0.0,0,0,0.0,0.0,0.0,0,0,0.0,0.0,0
2026-08-01 10:00:00-04:00,0,0,0.0,0.0,0.0,0,0,0.0,0.0,0,0,0.0,0.0,0.0,0,0,0.0,0.0,0,0,0.0,0.0,0.0,0,0,0.0,0.0,0
2026-08-01 11:00:00-04:00,0,0,0.0,0.0,0.0,0,0,0.0,0.0,0,0,0.0,0.0,0.0,0,0,0.0,0.0,0,0,0.0,0.0,0.0,0,0,0.0,0.0,0
2026-08-01 12:00:00-04:00,0,0,0.0,0.0,0.0,0,0,0.0,0.0,0,0,0.0,0.0,0.0,0,0,0.0,0.0,0,0,0.0,0.0,0.0,0,0,0.0,0.0,0
2026-08-01 13:00:00-04:00,0,0,0.0,0.0,0.0,0,0,0.0,0.0,0,0,0.0,0.0,0.0,0,0,0.0,0.0,0,0,0.0,0.0,0.0,0,0,0.0,0.0,0
2026-08-01 14:00:00-04:00,0,0,0.0,0.0,0.0,0,0,0.0,0.0,0,0,0.0,0.0,0.0,0,0,0.0,0.0,0,0,0.0,0.0,0.0,0,0,0.0,0.0,0
2026-08-01 15:00:00-04:00,0,0,0.0,0.0,0.0,0,0,0.0,0.0,0,0,0.0,0.0,0.0,0,0,0.0,0.0,0,0,0.0,0.0,0.0,0,0,0.0,0.0,0
2026-08-01 16:00:00-04:00,0,0,0.0,0.0,0.0,0,0,0.0,0.0,0,0,0.0,0.0,0.0,0,0,0.0,0.0,0,0,0.0,0.0,0.0,0,0,0.0,0.0,0
2026-08-01 17:00:00-04:00,0,0,0.0,0.0,0.0,0,0,0.0,0.0,0,0,0.0,0.0,0.0,0,0,0.0,0.0,0,0,0.0,0.0,0.0,0,0,0.0,0.0,0
2026-08-01 18:00:00-04:00,0,0,0.0,0.0,0.0,0,0,0.0,0.0,0,0,0.0,0.0,0.0,0,0,0.0,0.0,0,0,0.0,0.0,0.0,0,0,0.0,0.0,0
2026-08-01 19:00:00-04:00,0,0,0.0,0.0,0.0,0,0,0.0,0.0,0,0,0.0,0.0,0.0,0,0,0.0,0.0,0,0,0.0,0.0,0.0,0,0,0.0,0.0,0
2026-08-01 20:00:00-04:00,0,0,0.0,0.0,0.0,0,0,0.0,0.0,0,0,0.0,0.0,0.0,0,0,0.0,0.0,0,0,0.0,0.0,0.0,0,0,0.0,0.0,0
2026-08-01 21:00:00-04:00,0,0,0.0,0.0,0.0,0,0,0.0,0.0,0,0,0.0,0.0,0.0,0,0,0.0,0.0,0,0,0.0,0.0,0.0,0,0,0.0,0.0,0
2026-08-01 22:00:00-04:00,0,0,0.0,0.0,0.0,0,0,0.0,0.0,0,0,0.0,0.0,0.0,0,0,0.0,0.0,0,0,0.0,0.0,0.0,0,0,0.0,0.0,0
2026-08-01 23:00:00-04:00,0,0,0.0,0.0,0.0,0,0,0.0,0.0,0,0,0.0,0.0,0.0,0,0,0.0,0.0,0,0,0.0,0.0,0.0,0,0,0.0,0.0,0
2026-08-02 00:00:00-04:00,0,0,0.0,0.0,0.0,0,0,0.0,0.0,0,0,0.0,0.0,0.0,0,0,0.0,0.0,0,0,0.0,0.0,0.0,0,0,0.0,0.0,0
2026-08-02 01:00:00-04:00,0,0,0.0,0.0,0.0,0,0,0.0,0.0,0,0,0.0,0.0,0.0,0,0,0.0,0.0,0,0,0.0,0.0,0.0,0,0,0.0,0.0,0
2026-08-02 02:00:00-04:00,0,0,0.0,0.0,0.0,0,0,0.0,0.0,0,0,0.0,0.0,0.0,0,0,0.0,0.0,0,0,0.0,0.0,0.0,0,0,0.0,0.0,0
2026-08-02 03:00:00-04:00,0,0,0.0,0.0,0.0,0,0,0.0,0.0,0,0,0.0,0.0,0.0,0,0,0.0,0.0,0,0,0.0,0.0,0.0,0,0,0.0,0.0,0
2026-08-02 04:00:00-04:00,0,0,0.0,0.0,0.0,0,0,0.0,0.0,0,0,0.0,0.0,0.0,0,0,0.0,0.0,0,0,0.0,0.0,0.0,0,0,0.0,0.0,0
2026-08-02 05:00:00-04:00,0,0,0.0,0.0,0.0,0,0,0.0,0.0,0,0,0.0,0.0,0.0,0,0,0.0,0.0,0,0,0.0,0.0,0.0,0,0,0.0,0.0,0
2026-08-02 06:00:00-04:00,0,0,0.0,0.0,0.0,0,0,0.0,0.0,0,0,0.0,0.0,0.0,0,0,0.0,0.0,0,0,0.0,0.0,0.0,0,0,0.0,0.0,0
2026-08-02 07:00:00-04:00,0,0,0.0,0.0,0.0,0,0,0.0,0.0,0,0,0.0,0.0,0.0,0,0,0.0,0.0,0,0,0.0,0.0,0.0,0,0,0.0,0.0,0
2026-08-02 08:00:00-04:00,0,0,0.0,0.0,0.0,0,0,0.0,0.0,0,0,0.0,0.0,0.0,0,0,0.0,0.0,0,0,0.0,0.0,0.0,0,0,0.0,0.0,0
2026-08-02 09:00:00-04:00,0,0,0.0,0.0,0.0,0,0,0.0,0.0,0,0,0.0,0.0,0.0,0,0,0.0,0.0,0,0,0.0,0.0,0.0,0,0,0.0,0.0,0
2026-08-02 10:00:00-04:00,0,0,0.0,0.0,0.0,0,0,0.0,0.0,0,0,0.0,0.0,0.0,0,0,0.0,0.0,0,0,0.0,0.0,0.0,0,0,0.0,0.0,0
2026-08-02 11:00:00-04:00,0,0,0.0,0.0,0.0,0,0,0.0,0.0,0,0,0.0,0.0,0.0,0,0,0.0,0.0,0,0,0.0,0.0,0.0,0,0,0.0,0.0,0
2026-08-02 12:00:00-04:00,0,0,0.0,0.0,0.0,0,0,0.0,0.0,0,0,0.0,0.0,0.0,0,0,0.0,0.0,0,0,0.0,0.0,0.0,0,0,0.0,0.0,0
2026-08-02 13:00:00-04:00,0,0,0.0,0.0,0.0,0,0,0.0,0.0,0,0,0.0,0.0,0.0,0,0,0.0,0.0,0,0,0.0,0.0,0.0,0,0,0.0,0.0,0
2026-08-02 14:00:00-04:00,0,0,0.0,0.0,0.0,0,0,0.0,0.0,0,0,0.0,0.0,0.0,0,0,0.0,0.0,0,0,0.0,0.0,0.0,0,0,0.0,0.0,0
2026-08-02 15:00:00-04:00,0,0,0.0,0.0,0.0,0,0,0.0,0.0,0,0,0.0,0.0,0.0,0,0,0.0,0.0,0,0,0.0,0.0,0.0,0,0,0.0,0.0,0
2026-08-02 16:00:00-04:00,0,0,0.0,0.0,0.0,0,0,0.0,0.0,0,0,0.0,0.0,0.0,0,0,0.0,0.0,0,0,0.0,0.0,0.0,0,0,0.0,0.0,0
2026-08-02 17:00:00-04:00,0,0,0.0,0.0,0.0,0,0,0.0,0.0,0,0,0.0,0.0,0.0,0,0,0.0,0.0,0,0,0.0,0.0,0.0,0,0,0.0,0.0,0
2026-08-02 18:00:00-04:00,0,0,0.0,0.0,0.0,0,0,0.0,0.0,0,0,0.0,0.0,0.0,0,0,0.0,0.0,0,0,0.0,0.0,0.0,0,0,0.0,0.0,0
2026-08-02 19:00:00-04:00,0,0,0.0,0.0,0.0,0,0,0.0,0.0,0,0,0.0,0.0,0.0,0,0,0.0,0.0,0,0,0.0,0.0,0.0,0,0,0.0,0.0,0
2026-08-02 20:00:00-04:00,0,0,0.0,0.0,0.0,0,0,0.0,0.0,0,0,0.0,0.0,0.0,0,0,0.0,0.0,0,0,0.0,0.0,0.0,0,0,0.0,0.0,0
2026-08-02 21:00:00-04:00,0,0,0.0,0.0,0.0,0,0,0.0,0.0,0,0,0.0,0.0,0.0,0,0,0.0,0.0,0,0,0.0,0.0,0.0,0,0,0.0,0.0,0
2026-08-02 22:00:00-04:00,0,0,0.0,0.0,0.0,0,0,0.0,0.0,0,0,0.0,0.0,0.0,0,0,0.0,0.0,0,0,0.0,0.0,0.0,0,0,0.0,0.0,0
2026-08-02 23:00:00-04:00,0,0,0.0,0.0,0.0,0,0,0.0,0.0,0,0,0.0,0.0,0.0,0,0,0.0,0.0,0,0,0.0,0.0,0.0,0,0,0.0,0.0,0
2026-08-03 00:00:00-04:00,0,0,0.0,0.0,0.0,0,0,0.0,0.0,0,0,0.0,0.0,0.0,0,0,0.0,0.0,0,0,0.0,0.0,0.0,0,0,0.0,0.0,0
2026-08-03 01:00:00-04:00,0,0,0.0,0.0,0.0,0,0,0.0,0.0,0,0,0.0,0.0,0.0,0,0,0.0,0.0,0,0,0.0,0.0,0.0,0,0,0.0,0.0,0
2026-08-03 02:00:00-04:00,0,0,0.0,0.0,0.0,0,0,0.0,0.0,0,0,0.0,0.0,0.0,0,0,0.0,0.0,0,0,0.0,0.0,0.0,0,0,0.0,0.0,0
2026-08-03 03:00:00-04:00,0,0,0.0,0.0,0.0,0,0,0.0,0.0,0,0,0.0,0.0,0.0,0,0,0.0,0.0,0,0,0.0,0.0,0.0,0,0,0.0,0.0,0
2026-08-03 04:00:00-04:00,0,0,0.0,0.0,0.0,0,0,0.0,0.0,0,0,0.0,0.0,0.0,0,0,0.0,0.0,0,0,0.0,0.0,0.0,0,0,0.0,0.0,0
2026-08-03 05:00:00-04:00,0,0,0.0,0.0,0.0,0,0,0.0,0.0,0,0,0.0,0.0,0.0,0,0,0.0,0.0,0,0,0.0,0.0,0.0,0,0,0.0,0.0,0
2026-08-03 06:00:00-04:00,0,0,0.0,0.0,0.0,0,0,0.0,0.0,0,0,0.0,0.0,0.0,0,0,0.0,0.0,0,0,0.0,0.0,0.0,0,0,0.0,0.0,0
2026-08-03 07:00:00-04:00,0,0,0.0,0.0,0.0,0,0,0.0,0.0,0,0,0.0,0.0,0.0,0,0,0.0,0.0,0,0,0.0,0.0,0.0,0,0,0.0,0.0,0
2026-08-03 08:00:00-04:00,0,0,0.0,0.0,0.0,0,0,0.0,0.0,0,0,0.0,0.0,0.0,0,0,0.0,0.0,0,0,0.0,0.0,0.0,0,0,0.0,0.0,0
2026-08-03 09:00:00-04:00,0,0,0.0,0.0,0.0,0,0,0.0,0.0,0,0,0.0,0.0,0.0,0,0,0.0,0.0,0,0,0.0,0.0,0.0,0,0,0.0,0.0,0
2026-08-03 10:00:00-04:00,0,0,0.0,0.0,0.0,0,0,0.0,0.0,0,0,0.0,0.0,0.0,0,0,0.0,0.0,0,0,0.0,0.0,0.0,0,0,0.0,0.0,0
2026-08-03 11:00:00-04:00,0,0,0.0,0.0,0.0,0,0,0.0,0.0,0,0,0.0,0.0,0.0,0,0,0.0,0.0,0,0,0.0,0.0,0.0,0,0,0.0,0.0,0
2026-08-03 12:00:00-04:00,0,0,0.0,0.0,0.0,0,0,0.0,0.0,0,0,0.0,0.0,0.0,0,0,0.0,0.0,0,0,0.0,0.0,0.0,0,0,0.0,0.0,0
2026-08-03 13:00:00-04:00,0,0,0.0,0.0,0.0,0,0,0.0,0.0,0,0,0.0,0.0,0.0,0,0,0.0,0.0,0,0,0.0,0.0,0.0,0,0,0.0,0.0,0
2026-08-03 14:00:00-04:00,0,0,0.0,0.0,0.0,0,0,0.0,0.0,0,0,0.0,0.0,0.0,0,0,0.0,0.0,0,0,0.0,0.0,0.0,0,0,0.0,0.0,0
2026-08-03 15:00:00-04:00,0,0,0.0,0.0,0.0,0,0,0.0,0.0,0,0,0.0,0.0,0.0,0,0,0.0,0.0,0,0,0.0,0.0,0.0,0,0,0.0,0.0,0
2026-08-03 16:00:00-04:00,0,0,0.0,0.0,0.0,0,0,0.0,0.0,0,0,0.0,0.0,0.0,0,0,0.0,0.0,0,0,0.0,0.0,0.0,0,0,0.0,0.0,0
2026-08-03 17:00:00-04:00,0,0,0.0,0.0,0.0,0,0,0.0,0.0,0,0,0.0,0.0,0.0,0,0,0.0,0.0,0,0,0.0,0.0,0.0,0,0,0.0,0.0,0
2026-08-03 18:00:00-04:00,0,0,0.0,0.0,0.0,0,0,0.0,0.0,0,0,0.0,0.0,0.0,0,0,0.0,0.0,0,0,0.0,0.0,0.0,0,0,0.0,0.0,0
2026-08-03 19:00:00-04:00,0,0,0.0,0.0,0.0,0,0,0.0,0.0,0,0,0.0,0.0,0.0,0,0,0.0,0.0,0,0,0.0,0.0,0.0,0,0,0.0,0.0,0
2026-08-03 20:00:00-04:00,0,0,0.0,0.0,0.0,0,0,0.0,0.0,0,0,0.0,0.0,0.0,0,0,0.0,0.0,0,0,0.0,0.0,0.0,0,0,0.0,0.0,0
2026-08-03 21:00:00-04:00,0,0,0.0,0.0,0.0,0,0,0.0,0.0,0,0,0.0,0.0,0.0,0,0,0.0,0.0,0,0,0.0,0.0,0.0,0,0,0.0,0.0,0
2026-08-03 22:00:00-04:00,0,0,0.0,0.0,0.0,0,0,0.0,0.0,0,0,0.0,0.0,0.0,0,0,0.0,0.0,0,0,0.0,0.0,0.0,0,0,0.0,0.0,0
2026-08-03 23:00:00-04:00,0,0,0.0,0.0,0.0,0,0,0.0,0.0,0,0,0.0,0.0,0.0,0,0,0.0,0.0,0,0,0.0,0.0,0.0,0,0,0.0,0.0,0
2026-08-04 00:00:00-04:00,0,0,0.0,0.0,0.0,0,0,0.0,0.0,0,0,0.0,0.0,0.0,0,0,0.0,0.0,0,0,0.0,0.0,0.0,0,0,0.0,0.0,0
2026-08-04 01:00:00-04:00,0,0,0.0,0.0,0.0,0,0,0.0,0.0,0,0,0.0,0.0,0.0,0,0,0.0,0.0,0,0,0.0,0.0,0.0,0,0,0.0,0.0,0
2026-08-04 02:00:00-04:00,0,0,0.0,0.0,0.0,0,0,0.0,0.0,0,0,0.0,0.0,0.0,0,0,0.0,0.0,0,0,0.0,0.0,0.0,0,0,0.0,0.0,0
2026-08-04 03:00:00-04:00,0,0,0.0,0.0,0.0,0,0,0.0,0.0,0,0,0.0,0.0,0.0,0,0,0.0,0.0,0,0,0.0,0.0,0.0,0,0,0.0,0.0,0
2026-08-04 04:00:00-04:00,0,0,0.0,0.0,0.0,0,0,0.0,0.0,0,0,0.0,0.0,0.0,0,0,0.0,0.0,0,0,0.0,0.0,0.0,0,0,0.0,0.0,0
2026-08-04 05:00:00-04:00,0,0,0.0,0.0,0.0,0,0,0.0,0.0,0,0,0.0,0.0,0.0,0,0,0.0,0.0,0,0,0.0,0.0,0.0,0,0,0.0,0.0,0
2026-08-04 06:00:00-04:00,0,0,0.0,0.0,0.0,0,0,0.0,0.0,0,0,0.0,0.0,0.0,0,0,0.0,0.0,0,0,0.0,0.0,0.0,0,0,0.0,0.0,0
2026-08-04 07:00:00-04:00,0,0,0.0,0.0,0.0,0,0,0.0,0.0,0,0,0.0,0.0,0.0,0,0,0.0,0.0,0,0,0.0,0.0,0.0,0,0,0.0,0.0,0
2026-08-04 08:00:00-04:00,0,0,0.0,0.0,0.0,0,0,0.0,0.0,0,0,0.0,0.0,0.0,0,0,0.0,0.0,0,0,0.0,0.0,0.0,0,0,0.0,0.0,0
2026-08-04 09:00:00-04:00,0,0,0.0,0.0,0.0,0,0,0.0,0.0,0,0,0.0,0.0,0.0,0,0,0.0,0.0,0,0,0.0,0.0,0.0,0,0,0.0,0.0,0
2026-08-04 10:00:00-04:00,0,0,0.0,0.0,0.0,0,0,0.0,0.0,0,0,0.0,0.0,0.0,0,0,0.0,0.0,0,0,0.0,0.0,0.0,0,0,0.0,0.0,0
2026-08-04 11:00:00-04:00,0,0,0.0,0.0,0.0,0,0,0.0,0.0,0,0,0.0,0.0,0.0,0,0,0.0,0.0,0,0,0.0,0.0,0.0,0,0,0.0,0.0,0
2026-08-04 12:00:00-04:00,0,0,0.0,0.0,0.0,0,0,0.0,0.0,0,0,0.0,0.0,0.0,0,0,0.0,0.0,0,0,0.0,0.0,0.0,0,0,0.0,0.0,0
2026-08-04 13:00:00-04:00,0,0,0.0,0.0,0.0,0,0,0.0,0.0,0,0,0.0,0.0,0.0,0,0,0.0,0.0,0,0,0.0,0.0,0.0,0,0,0.0,0.0,0
2026-08-04 14:00:00-04:00,0,0,0.0,0.0,0.0,0,0,0.0,0.0,0,0,0.0,0.0,0.0,0,0,0.0,0.0,0,0,0.0,0.0,0.0,0,0,0.0,0.0,0
2026-08-04 15:00:00-04:00,0,0,0.0,0.0,0.0,0,0,0.0,0.0,0,0,0.0,0.0,0.0,0,0,0.0,0.0,0,0,0.0,0.0,0.0,0,0,0.0,0.0,0
2026-08-04 16:00:00-04:00,0,0,0.0,0.0,0.0,0,0,0.0,0.0,0,0,0.0,0.0,0.0,0,0,0.0,0.0,0,0,0.0,0.0,0.0,0,0,0.0,0.0,0
2026-08-04 17:00:00-04:00,0,0,0.0,0.0,0.0,0,0,0.0,0.0,0,0,0.0,0.0,0.0,0,0,0.0,0.0,0,0,0.0,0.0,0.0,0,0,0.0,0.0,0
2026-08-04 18:00:00-04:00,0,0,0.0,0.0,0.0,0,0,0.0,0.0,0,0,0.0,0.0,0.0,0,0,0.0,0.0,0,0,0.0,0.0,0.0,0,0,0.0,0.0,0
2026-08-04 19:00:00-04:00,0,0,0.0,0.0,0.0,0,0,0.0,0.0,0,0,0.0,0.0,0.0,0,0,0.0,0.0,0,0,0.0,0.0,0.0,0,0,0.0,0.0,0
2026-08-04 20:00:00-04:00,0,0,0.0,0.0,0.0,0,0,0.0,0.0,0,0,0.0,0.0,0.0,0,0,0.0,0.0,0,0,0.0,0.0,0.0,0,0,0.0,0.0,0
2026-08-04 21:00:00-04:00,0,0,0.0,0.0,0.0,0,0,0.0,0.0,0,0,0.0,0.0,0.0,0,0,0.0,0.0,0,0,0.0,0.0,0.0,0,0,0.0,0.0,0
2026-08-04 22:00:00-04:00,0,0,0.0,0.0,0.0,0,0,0.0,0.0,0,0,0.0,0.0,0.0,0,0,0.0,0.0,0,0,0.0,0.0,0.0,0,0,0.0,0.0,0
2026-08-04 23:00:00-04:00,0,0,0.0,0.0,0.0,0,0,0.0,0.0,0,0,0.0,0.0,0.0,0,0,0.0,0.0,0,0,0.0,0.0,0.0,0,0,0.0,0.0,0
2026-08-05 00:00:00-04:00,0,0,0.0,0.0,0.0,0,0,0.0,0.0,0,0,0.0,0.0,0.0,0,0,0.0,0.0,0,0,0.0,0.0,0.0,0,0,0.0,0.0,0
2026-08-05 01:00:00-04:00,0,0,0.0,0.0,0.0,0,0,0.0,0.0,0,0,0.0,0.0,0.0,0,0,0.0,0.0,0,0,0.0,0.0,0.0,0,0,0.0,0.0,0
2026-08-05 02:00:00-04:00,0,0,0.0,0.0,0.0,0,0,0.0,0.0,0,0,0.0,0.0,0.0,0,0,0.0,0.0,0,0,0.0,0.0,0.0,0,0,0.0,0.0,0
2026-08-05 03:00:00-04:00,0,0,0.0,0.0,0.0,0,0,0.0,0.0,0,0,0.0,0.0,0.0,0,0,0.0,0.0,0,0,0.0,0.0,0.0,0,0,0.0,0.0,0
2026-08-05 04:00:00-04:00,0,0,0.0,0.0,0.0,0,0,0.0,0.0,0,0,0.0,0.0,0.0,0,0,0.0,0.0,0,0,0.0,0.0,0.0,0,0,0.0,0.0,0
2026-08-05 05:00:00-04:00,0,0,0.0,0.0,0.0,0,0,0.0,0.0,0,0,0.0,0.0,0.0,0,0,0.0,0.0,0,0,0.0,0.0,0.0,0,0,0.0,0.0,0
2026-08-05 06:00:00-04:00,0,0,0.0,0.0,0.0,0,0,0.0,0.0,0,0,0.0,0.0,0.0,0,0,0.0,0.0,0,0,0.0,0.0,0.0,0,0,0.0,0.0,0
2026-08-05 07:00:00-04:00,0,0,0.0,0.0,0.0,0,0,0.0,0.0,0,0,0.0,0.0,0.0,0,0,0.0,0.0,0,0,0.0,0.0,0.0,0,0,0.0,0.0,0
2026-08-05 08:00:00-04:00,0,0,0.0,0.0,0.0,0,0,0.0,0.0,0,0,0.0,0.0,0.0,0,0,0.0,0.0,0,0,0.0,0.0,0.0,0,0,0.0,0.0,0
2026-08-05 09:00:00-04:00,0,0,0.0,0.0,0.0,0,0,0.0,0.0,0,0,0.0,0.0,0.0,0,0,0.0,0.0,0,0,0.0,0.0,0.0,0,0,0.0,0.0,0
2026-08-05 10:00:00-04:00,0,0,0.0,0.0,0.0,0,0,0.0,0.0,0,0,0.0,0.0,0.0,0,0,0.0,0.0,0,0,0.0,0.0,0.0,0,0,0.0,0.0,0
2026-08-05 11:00:00-04:00,0,0,0.0,0.0,0.0,0,0,0.0,0.0,0,0,0.0,0.0,0.0,0,0,0.0,0.0,0,0,0.0,0.0,0.0,0,0,0.0,0.0,0
2026-08-05 12:00:00-04:00,0,0,0.0,0.0,0.0,0,0,0.0,0.0,0,0,0.0,0.0,0.0,0,0,0.0,0.0,0,0,0.0,0.0,0.0,0,0,0.0,0.0,0
2026-08-05 13:00:00-04:00,0,0,0.0,0.0,0.0,0,0,0.0,0.0,0,0,0.0,0.0,0.0,0,0,0.0,0.0,0,0,0.0,0.0,0.0,0,0,0.0,0.0,0
2026-08-05 14:00:00-04:00,0,0,0.0,0.0,0.0,0,0,0.0,0.0,0,0,0.0,0.0,0.0,0,0,0.0,0.0,0,0,0.0,0.0,0.0,0,0,0.0,0.0,0
2026-08-05 15:00:00-04:00,0,0,0.0,0.0,0.0,0,0,0.0,0.0,0,0,0.0,0.0,0.0,0,0,0.0,0.0,0,0,0.0,0.0,0.0,0,0,0.0,0.0,0
2026-08-05 16:00:00-04:00,0,0,0.0,0.0,0.0,0,0,0.0,0.0,0,0,0.0,0.0,0.0,0,0,0.0,0.0,0,0,0.0,0.0,0.0,0,0,0.0,0.0,0
2026-08-05 17:00:00-04:00,0,0,0.0,0.0,0.0,0,0,0.0,0.0,0,0,0.0,0.0,0.0,0,0,0.0,0.0,0,0,0.0,0.0,0.0,0,0,0.0,0.0,0
2026-08-05 18:00:00-04:00,0,0,0.0,0.0,0.0,0,0,0.0,0.0,0,0,0.0,0.0,0.0,0,0,0.0,0.0,0,0,0.0,0.0,0.0,0,0,0.0,0.0,0
2026-08-05 19:00:00-04:00,0,0,0.0,0.0,0.0,0,0,0.0,0.0,0,0,0.0,0.0,0.0,0,0,0.0,0.0,0,0,0.0,0.0,0.0,0,0,0.0,0.0,0
2026-08-05 20:00:00-04:00,0,0,0.0,0.0,0.0,0,0,0.0,0.0,0,0,0.0,0.0,0.0,0,0,0.0,0.0,0,0,0.0,0.0,0.0,0,0,0.0,0.0,0
2026-08-05 21:00:00-04:00,0,0,0.0,0.0,0.0,0,0,0.0,0.0,0,0,0.0,0.0,0.0,0,0,0.0,0.0,0,0,0.0,0.0,0.0,0,0,0.0,0.0,0
2026-08-05 22:00:00-04:00,0,0,0.0,0.0,0.0,0,0,0.0,0.0,0,0,0.0,0.0,0.0,0,0,0.0,0.0,0,0,0.0,0.0,0.0,0,0,0.0,0.0,0
2026-08-05 23:00:00-04:00,0,0,0.0,0.0,0.0,0,0,0.0,0.0,0,0,0.0,0.0,0.0,0,0,0.0,0.0,0,0,0.0,0.0,0.0,0,0,0.0,0.0,0
2026-08-06 00:00:00-04:00,0,0,0.0,0.0,0.0,0,0,0.0,0.0,0,0,0.0,0.0,0.0,0,0,0.0,0.0,0,0,0.0,0.0,0.0,0,0,0.0,0.0,0
2026-08-06 01:00:00-04:00,0,0,0.0,0.0,0.0,0,0,0.0,0.0,0,0,0.0,0.0,0.0,0,0,0.0,0.0,0,0,0.0,0.0,0.0,0,0,0.0,0.0,0
2026-08-06 02:00:00-04:00,0,0,0.0,0.0,0.0,0,0,0.0,0.0,0,0,0.0,0.0,0.0,0,0,0.0,0.0,0,0,0.0,0.0,0.0,0,0,0.0,0.0,0
2026-08-06 03:00:00-04:00,0,0,0.0,0.0,0.0,0,0,0.0,0.0,0,0,0.0,0.0,0.0,0,0,0.0,0.0,0,0,0.0,0.0,0.0,0,0,0.0,0.0,0
2026-08-06 04:00:00-04:00,0,0,0.0,0.0,0.0,0,0,0.0,0.0,0,0,0.0,0.0,0.0,0,0,0.0,0.0,0,0,0.0,0.0,0.0,0,0,0.0,0.0,0
2026-08-06 05:00:00-04:00,0,0,0.0,0.0,0.0,0,0,0.0,0.0,0,0,0.0,0.0,0.0,0,0,0.0,0.0,0,0,0.0,0.0,0.0,0,0,0.0,0.0,0
2026-08-06 06:00:00-04:00,0,0,0.0,0.0,0.0,0,0,0.0,0.0,0,0,0.0,0.0,0.0,0,0,0.0,0.0,0,0,0.0,0.0,0.0,0,0,0.0,0.0,0
2026-08-06 07:00:00-04:00,0,0,0.0,0.0,0.0,0,0,0.0,0.0,0,0,0.0,0.0,0.0,0,0,0.0,0.0,0,0,0.0,0.0,0.0,0,0,0.0,0.0,0
2026-08-06 08:00:00-04:00,0,0,0.0,0.0,0.0,0,0,0.0,0.0,0,0,0.0,0.0,0.0,0,0,0.0,0.0,0,0,0.0,0.0,0.0,0,0,0.0,0.0,0
2026-08-06 09:00:00-04:00,0,0,0.0,0.0,0.0,0,0,0.0,0.0,0,0,0.0,0.0,0.0,0,0,0.0,0.0,0,0,0.0,0.0,0.0,0,0,0.0,0.0,0
2026-08-06 10:00:00-04:00,0,0,0.0,0.0,0.0,0,0,0.0,0.0,0,0,0.0,0.0,0.0,0,0,0.0,0.0,0,0,0.0,0.0,0.0,0,0,0.0,0.0,0
2026-08-06 11:00:00-04:00,0,0,0.0,0.0,0.0,0,0,0.0,0.0,0,0,0.0,0.0,0.0,0,0,0.0,0.0,0,0,0.0,0.0,0.0,0,0,0.0,0.0,0
2026-08-06 12:00:00-04:00,0,0,0.0,0.0,0.0,0,0,0.0,0.0,0,0,0.0,0.0,0.0,0,0,0.0,0.0,0,0,0.0,0.0,0.0,0,0,0.0,0.0,0
2026-08-06 13:00:00-04:00,0,0,0.0,0.0,0.0,0,0,0.0,0.0,0,0,0.0,0.0,0.0,0,0,0.0,0.0,0,0,0.0,0.0,0.0,0,0,0.0,0.0,0
2026-08-06 14:00:00-04:00,0,0,0.0,0.0,0.0,0,0,0.0,0.0,0,0,0.0,0.0,0.0,0,0,0.0,0.0,0,0,0.0,0.0,0.0,0,0,0.0,0.0,0
2026-08-06 15:00:00-04:00,0,0,0.0,0.0,0.0,0,0,0.0,0.0,0,0,0.0,0.0,0.0,0,0,0.0,0.0,0,0,0.0,0.0,0.0,0,0,0.0,0.0,0
2026-08-06 16:00:00-04:00,0,0,0.0,0.0,0.0,0,0,0.0,0.0,0,0,0.0,0.0,0.0,0,0,0.0,0.0,0,0,0.0,0.0,0.0,0,0,0.0,0.0,0
2026-08-06 17:00:00-04:00,0,0,0.0,0.0,0.0,0,0,0.0,0.0,0,0,0.0,0.0,0.0,0,0,0.0,0.0,0,0,0.0,0.0,0.0,0,0,0.0,0.0,0
2026-08-06 18:00:00-04:00,0,0,0.0,0.0,0.0,0,0,0.0,0.0,0,0,0.0,0.0,0.0,0,0,0.0,0.0,0,0,0.0,0.0,0.0,0,0,0.0,0.0,0
2026-08-06 19:00:00-04:00,0,0,0.0,0.0,0.0,0,0,0.0,0.0,0,0,0.0,0.0,0.0,0,0,0.0,0.0,0,0,0.0,0.0,0.0,0,0,0.0,0.0,0
2026-08-06 20:00:00-04:00,0,0,0.0,0.0,0.0,0,0,0.0,0.0,0,0,0.0,0.0,0.0,0,0,0.0,0.0,0,0,0.0,0.0,0.0,0,0,0.0,0.0,0
2026-08-06 21:00:00-04:00,0,0,0.0,0.0,0.0,0,0,0.0,0.0,0,0,0.0,0.0,0.0,0,0,0.0,0.0,0,0,0.0,0.0,0.0,0,0,0.0,0.0,0
2026-08-06 22:00:00-04:00,0,0,0.0,0.0,0.0,0,0,0.0,0.0,0,0,0.0,0.0,0.0,0,0,0.0,0.0,0,0,0.0,0.0,0.0,0,0,0.0,0.0,0
2026-08-06 23:00:00-04:00,0,0,0.0,0.0,0.0,0,0,0.0,0.0,0,0,0.0,0.0,0.0,0,0,0.0,0.0,0,0,0.0,0.0,0.0,0,0,0.0,0.0,0
2026-08-07 00:00:00-04:00,0,0,0.0,0.0,0.0,0,0,0.0,0.0,0,0,0.0,0.0,0.0,0,0,0.0,0.0,0,0,0.0,0.0,0.0,0,0,0.0,0.0,0
2026-08-07 01:00:00-04:00,0,0,0.0,0.0,0.0,0,0,0.0,0.0,0,0,0.0,0.0,0.0,0,0,0.0,0.0,0,0,0.0,0.0,0.0,0,0,0.0,0.0,0
2026-08-07 02:00:00-04:00,0,0,0.0,0.0,0.0,0,0,0.0,0.0,0,0,0.0,0.0,0.0,0,0,0.0,0.0,0,0,0.0,0.0,0.0,0,0,0.0,0.0,0
2026-08-07 03:00:00-04:00,0,0,0.0,0.0,0.0,0,0,0.0,0.0,0,0,0.0,0.0,0.0,0,0,0.0,0.0,0,0,0.0,0.0,0.0,0,0,0.0,0.0,0
2026-08-07 04:00:00-04:00,0,0,0.0,0.0,0.0,0,0,0.0,0.0,0,0,0.0,0.0,0.0,0,0,0.0,0.0,0,0,0.0,0.0,0.0,0,0,0.0,0.0,0
2026-08-07 05:00:00-04:00,0,0,0.0,0.0,0.0,0,0,0.0,0.0,0,0,0.0,0.0,0.0,0,0,0.0,0.0,0,0,0.0,0.0,0.0,0,0,0.0,0.0,0
2026-08-07 06:00:00-04:00,0,0,0.0,0.0,0.0,0,0,0.0,0.0,0,0,0.0,0.0,0.0,0,0,0.0,0.0,0,0,0.0,0.0,0.0,0,0,0.0,0.0,0
2026-08-07 07:00:00-04:00,0,0,0.0,0.0,0.0,0,0,0.0,0.0,0,0,0.0,0.0,0.0,0,0,0.0,0.0,0,0,0.0,0.0,0.0,0,0,0.0,0.0,0
2026-08-07 08:00:00-04:00,0,0,0.0,0.0,0.0,0,0,0.0,0.0,0,0,0.0,0.0,0.0,0,0,0.0,0.0,0,0,0.0,0.0,0.0,0,0,0.0,0.0,0
2026-08-07 09:00:00-04:00,0,0,0.0,0.0,0.0,0,0,0.0,0.0,0,0,0.0,0.0,0.0,0,0,0.0,0.0,0,0,0.0,0.0,0.0,0,0,0.0,0.0,0
2026-08-07 10:00:00-04:00,0,0,0.0,0.0,0.0,0,0,0.0,0.0,0,0,0.0,0.0,0.0,0,0,0.0,0.0,0,0,0.0,0.0,0.0,0,0,0.0,0.0,0
2026-08-07 11:00:00-04:00,0,0,0.0,0.0,0.0,0,0,0.0,0.0,0,0,0.0,0.0,0.0,0,0,0.0,0.0,0,0,0.0,0.0,0.0,0,0,0.0,0.0,0
2026-08-07 12:00:00-04:00,0,0,0.0,0.0,0.0,0,0,0.0,0.0,0,0,0.0,0.0,0.0,0,0,0.0,0.0,0,0,0.0,0.0,0.0,0,0,0.0,0.0,0
2026-08-07 13:00:00-04:00,0,0,0.0,0.0,0.0,0,0,0.0,0.0,0,0,0.0,0.0,0.0,0,0,0.0,0.0,0,0,0.0,0.0,0.0,0,0,0.0,0.0,0
2026-08-07 14:00:00-04:00,0,0,0.0,0.0,0.0,0,0,0.0,0.0,0,0,0.0,0.0,0.0,0,0,0.0,0.0,0,0,0.0,0.0,0.0,0,0,0.0,0.0,0
2026-08-07 15:00:00-04:00,0,0,0.0,0.0,0.0,0,0,0.0,0.0,0,0,0.0,0.0,0.0,0,0,0.0,0.0,0,0,0.0,0.0,0.0,0,0,0.0,0.0,0
2026-08-07 16:00:00-04:00,0,0,0.0,0.0,0.0,0,0,0.0,0.0,0,0,0.0,0.0,0.0,0,0,0.0,0.0,0,0,0.0,0.0,0.0,0,0,0.0,0.0,0
2026-08-07 17:00:00-04:00,0,0,0.0,0.0,0.0,0,0,0.0,0.0,0,0,0.0,0.0,0.0,0,0,0.0,0.0,0,0,0.0,0.0,0.0,0,0,0.0,0.0,0
2026-08-07 18:00:00-04:00,0,0,0.0,0.0,0.0,0,0,0.0,0.0,0,0,0.0,0.0,0.0,0,0,0.0,0.0,0,0,0.0,0.0,0.0,0,0,0.0,0.0,0
2026-08-07 19:00:00-04:00,0,0,0.0,0.0,0.0,0,0,0.0,0.0,0,0,0.0,0.0,0.0,0,0,0.0,0.0,0,0,0.0,0.0,0.0,0,0,0.0,0.0,0
2026-08-07 20:00:00-04:00,0,0,0.0,0.0,0.0,0,0,0.0,0.0,0,0,0.0,0.0,0.0,0,0,0.0,0.0,0,0,0.0,0.0,0.0,0,0,0.0,0.0,0
2026-08-07 21:00:00-04:00,0,0,0.0,0.0,0.0,0,0,0.0,0.0,0,0,0.0,0.0,0.0,0,0,0.0,0.0,0,0,0.0,0.0,0.0,0,0,0.0,0.0,0
2026-08-07 22:00:00-04:00,0,0,0.0,0.0,0.0,0,0,0.0,0.0,0,0,0.0,0.0,0.0,0,0,0.0,0.0,0,0,0.0,0.0,0.0,0,0,0.0,0.0,0
2026-08-07 23:00:00-04:00,0,0,0.0,0.0,0.0,0,0,0.0,0.0,0,0,0.0,0.0,0.0,0,0,0.0,0.0,0,0,0.0,0.0,0.0,0,0,0.0,0.0,0
2026-08-08 00:00:00-04:00,0,0,0.0,0.0,0.0,0,0,0.0,0.0,0,0,0.0,0.0,0.0,0,0,0.0,0.0,0,0,0.0,0.0,0.0,0,0,0.0,0.0,0
2026-08-08 01:00:00-04:00,0,0,0.0,0.0,0.0,0,0,0.0,0.0,0,0,0.0,0.0,0.0,0,0,0.0,0.0,0,0,0.0,0.0,0.0,0,0,0.0,0.0,0
2026-08-08 02:00:00-04:00,0,0,0.0,0.0,0.0,0,0,0.0,0.0,0,0,0.0,0.0,0.0,0,0,0.0,0.0,0,0,0.0,0.0,0.0,0,0,0.0,0.0,0
2026-08-08 03:00:00-04:00,0,0,0.0,0.0,0.0,0,0,0.0,0.0,0,0,0.0,0.0,0.0,0,0,0.0,0.0,0,0,0.0,0.0,0.0,0,0,0.0,0.0,0
2026-08-08 04:00:00-04:00,0,0,0.0,0.0,0.0,0,0,0.0,0.0,0,0,0.0,0.0,0.0,0,0,0.0,0.0,0,0,0.0,0.0,0.0,0,0,0.0,0.0,0
2026-08-08 05:00:00-04:00,0,0,0.0,0.0,0.0,0,0,0.0,0.0,0,0,0.0,0.0,0.0,0,0,0.0,0.0,0,0,0.0,0.0,0.0,0,0,0.0,0.0,0
2026-08-08 06:00:00-04:00,0,0,0.0,0.0,0.0,0,0,0.0,0.0,0,0,0.0,0.0,0.0,0,0,0.0,0.0,0,0,0.0,0.0,0.0,0,0,0.0,0.0,0
2026-08-08 07:00:00-04:00,0,0,0.0,0.0,0.0,0,0,0.0,0.0,0,0,0.0,0.0,0.0,0,0,0.0,0.0,0,0,0.0,0.0,0.0,0,0,0.0,0.0,0
2026-08-08 08:00:00-04:00,0,0,0.0,0.0,0.0,0,0,0.0,0.0,0,0,0.0,0.0,0.0,0,0,0.0,0.0,0,0,0.0,0.0,0.0,0,0,0.0,0.0,0
2026-08-08 09:00:00-04:00,0,0,0.0,0.0,0.0,0,0,0.0,0.0,0,0,0.0,0.0,0.0,0,0,0.0,0.0,0,0,0.0,0.0,0.0,0,0,0.0,0.0,0
2026-08-08 10:00:00-04:00,0,0,0.0,0.0,0.0,0,0,0.0,0.0,0,0,0.0,0.0,0.0,0,0,0.0,0.0,0,0,0.0,0.0,0.0,0,0,0.0,0.0,0
2026-08-08 11:00:00-04:00,0,0,0.0,0.0,0.0,0,0,0.0,0.0,0,0,0.0,0.0,0.0,0,0,0.0,0.0,0,0,0.0,0.0,0.0,0,0,0.0,0.0,0
2026-08-08 12:00:00-04:00,0,0,0.0,0.0,0.0,0,0,0.0,0.0,0,0,0.0,0.0,0.0,0,0,0.0,0.0,0,0,0.0,0.0,0.0,0,0,0.0,0.0,0
2026-08-08 13:00:00-04:00,0,0,0.0,0.0,0.0,0,0,0.0,0.0,0,0,0.0,0.0,0.0,0,0,0.0,0.0,0,0,0.0,0.0,0.0,0,0,0.0,0.0,0
2026-08-08 14:00:00-04:00,0,0,0.0,0.0,0.0,0,0,0.0,0.0,0,0,0.0,0.0,0.0,0,0,0.0,0.0,0,0,0.0,0.0,0.0,0,0,0.0,0.0,0
2026-08-08 15:00:00-04:00,0,0,0.0,0.0,0.0,0,0,0.0,0.0,0,0,0.0,0.0,0.0,0,0,0.0,0.0,0,0,0.0,0.0,0.0,0,0,0.0,0.0,0
2026-08-08 16:00:00-04:00,0,0,0.0,0.0,0.0,0,0,0.0,0.0,0,0,0.0,0.0,0.0,0,0,0.0,0.0,0,0,0.0,0.0,0.0,0,0,0.0,0.0,0
2026-08-08 17:00:00-04:00,0,0,0.0,0.0,0.0,0,0,0.0,0.0,0,0,0.0,0.0,0.0,0,0,0.0,0.0,0,0,0.0,0.0,0.0,0,0,0.0,0.0,0
2026-08-08 18:00:00-04:00,0,0,0.0,0.0,0.0,0,0,0.0,0.0,0,0,0.0,0.0,0.0,0,0,0.0,0.0,0,0,0.0,0.0,0.0,0,0,0.0,0.0,0
2026-08-08 19:00:00-04:00,0,0,0.0,0.0,0.0,0,0,0.0,0.0,0,0,0.0,0.0,0.0,0,0,0.0,0.0,0,0,0.0,0.0,0.0,0,0,0.0,0.0,0
2026-08-08 20:00:00-04:00,0,0,0.0,0.0,0.0,0,0,0.0,0.0,0,0,0.0,0.0,0.0,0,0,0.0,0.0,0,0,0.0,0.0,0.0,0,0,0.0,0.0,0
2026-08-08 21:00:00-04:00,0,0,0.0,0.0,0.0,0,0,0.0,0.0,0,0,0.0,0.0,0.0,0,0,0.0,0.0,0,0,0.0,0.0,0.0,0,0,0.0,0.0,0
2026-08-08 22:00:00-04:00,0,0,0.0,0.0,0.0,0,0,0.0,0.0,0,0,0.0,0.0,0.0,0,0,0.0,0.0,0,0,0.0,0.0,0.0,0,0,0.0,0.0,0
2026-08-08 23:00:00-04:00,0,0,0.0,0.0,0.0,0,0,0.0,0.0,0,0,0.0,0.0,0.0,0,0,0.0,0.0,0,0,0.0,0.0,0.0,0,0,0.0,0.0,0
2026-08-09 00:00:00-04:00,0,0,0.0,0.0,0.0,0,0,0.0,0.0,0,0,0.0,0.0,0.0,0,0,0.0,0.0,0,0,0.0,0.0,0.0,0,0,0.0,0.0,0
2026-08-09 01:00:00-04:00,0,0,0.0,0.0,0.0,0,0,0.0,0.0,0,0,0.0,0.0,0.0,0,0,0.0,0.0,0,0,0.0,0.0,0.0,0,0,0.0,0.0,0
2026-08-09 02:00:00-04:00,0,0,0.0,0.0,0.0,0,0,0.0,0.0,0,0,0.0,0.0,0.0,0,0,0.0,0.0,0,0,0.0,0.0,0.0,0,0,0.0,0.0,0
2026-08-09 03:00:00-04:00,0,0,0.0,0.0,0.0,0,0,0.0,0.0,0,0,0.0,0.0,0.0,0,0,0.0,0.0,0,0,0.0,0.0,0.0,0,0,0.0,0.0,0
2026-08-09 04:00:00-04:00,0,0,0.0,0.0,0.0,0,0,0.0,0.0,0,0,0.0,0.0,0.0,0,0,0.0,0.0,0,0,0.0,0.0,0.0,0,0,0.0,0.0,0
2026-08-09 05:00:00-04:00,0,0,0.0,0.0,0.0,0,0,0.0,0.0,0,0,0.0,0.0,0.0,0,0,0.0,0.0,0,0,0.0,0.0,0.0,0,0,0.0,0.0,0
2026-08-09 06:00:00-04:00,0,0,0.0,0.0,0.0,0,0,0.0,0.0,0,0,0.0,0.0,0.0,0,0,0.0,0.0,0,0,0.0,0.0,0.0,0,0,0.0,0.0,0
2026-08-09 07:00:00-04:00,0,0,0.0,0.0,0.0,0,0,0.0,0.0,0,0,0.0,0.0,0.0,0,0,0.0,0.0,0,0,0.0,0.0,0.0,0,0,0.0,0.0,0
2026-08-09 08:00:00-04:00,0,0,0.0,0.0,0.0,0,0,0.0,0.0,0,0,0.0,0.0,0.0,0,0,0.0,0.0,0,0,0.0,0.0,0.0,0,0,0.0,0.0,0
2026-08-09 09:00:00-04:00,0,0,0.0,0.0,0.0,0,0,0.0,0.0,0,0,0.0,0.0,0.0,0,0,0.0,0.0,0,0,0.0,0.0,0.0,0,0,0.0,0.0,0
2026-08-09 10:00:00-04:00,0,0,0.0,0.0,0.0,0,0,0.0,0.0,0,0,0.0,0.0,0.0,0,0,0.0,0.0,0,0,0.0,0.0,0.0,0,0,0.0,0.0,0
2026-08-09 11:00:00-04:00,0,0,0.0,0.0,0.0,0,0,0.0,0.0,0,0,0.0,0.0,0.0,0,0,0.0,0.0,0,0,0.0,0.0,0.0,0,0,0.0,0.0,0
2026-08-09 12:00:00-04:00,0,0,0.0,0.0,0.0,0,0,0.0,0.0,0,0,0.0,0.0,0.0,0,0,0.0,0.0,0,0,0.0,0.0,0.0,0,0,0.0,0.0,0
2026-08-09 13:00:00-04:00,0,0,0.0,0.0,0.0,0,0,0.0,0.0,0,0,0.0,0.0,0.0,0,0,0.0,0.0,0,0,0.0,0.0,0.0,0,0,0.0,0.0,0
2026-08-09 14:00:00-04:00,0,0,0.0,0.0,0.0,0,0,0.0,0.0,0,0,0.0,0.0,0.0,0,0,0.0,0.0,0,0,0.0,0.0,0.0,0,0,0.0,0.0,0
2026-08-09 15:00:00-04:00,0,0,0.0,0.0,0.0,0,0,0.0,0.0,0,0,0.0,0.0,0.0,0,0,0.0,0.0,0,0,0.0,0.0,0.0,0,0,0.0,0.0,0
2026-08-09 16:00:00-04:00,0,0,0.0,0.0,0.0,0,0,0.0,0.0,0,0,0.0,0.0,0.0,0,0,0.0,0.0,0,0,0.0,0.0,0.0,0,0,0.0,0.0,0
2026-08-09 17:00:00-04:00,0,0,0.0,0.0,0.0,0,0,0.0,0.0,0,0,0.0,0.0,0.0,0,0,0.0,0.0,0,0,0.0,0.0,0.0,0,0,0.0,0.0,0
2026-08-09 18:00:00-04:00,0,0,0.0,0.0,0.0,0,0,0.0,0.0,0,0,0.0,0.0,0.0,0,0,0.0,0.0,0,0,0.0,0.0,0.0,0,0,0.0,0.0,0
2026-08-09 19:00:00-04:00,0,0,0.0,0.0,0.0,0,0,0.0,0.0,0,0,0.0,0.0,0.0,0,0,0.0,0.0,0,0,0.0,0.0,0.0,0,0,0.0,0.0,0
2026-08-09 20:00:00-04:00,0,0,0.0,0.0,0.0,0,0,0.0,0.0,0,0,0.0,0.0,0.0,0,0,0.0,0.0,0,0,0.0,0.0,0.0,0,0,0.0,0.0,0
2026-08-09 21:00:00-04:00,0,0,0.0,0.0,0.0,0,0,0.0,0.0,0,0,0.0,0.0,0.0,0,0,0.0,0.0,0,0,0.0,0.0,0.0,0,0,0.0,0.0,0
2026-08-09 22:00:00-04:00,0,0,0.0,0.0,0.0,0,0,0.0,0.0,0,0,0.0,0.0,0.0,0,0,0.0,0.0,0,0,0.0,0.0,0.0,0,0,0.0,0.0,0
2026-08-09 23:00:00-04:00,0,0,0.0,0.0,0.0,0,0,0.0,0.0,0,0,0.0,0.0,0.0,0,0,0.0,0.0,0,0,0.0,0.0,0.0,0,0,0.0,0.0,0
2026-08-10 00:00:00-04:00,0,0,0.0,0.0,0.0,0,0,0.0,0.0,0,0,0.0,0.0,0.0,0,0,0.0,0.0,0,0,0.0,0.0,0.0,0,0,0.0,0.0,0
2026-08-10 01:00:00-04:00,0,0,0.0,0.0,0.0,0,0,0.0,0.0,0,0,0.0,0.0,0.0,0,0,0.0,0.0,0,0,0.0,0.0,0.0,0,0,0.0,0.0,0
2026-08-10 02:00:00-04:00,0,0,0.0,0.0,0.0,0,0,0.0,0.0,0,0,0.0,0.0,0.0,0,0,0.0,0.0,0,0,0.0,0.0,0.0,0,0,0.0,0.0,0
2026-08-10 03:00:00-04:00,0,0,0.0,0.0,0.0,0,0,0.0,0.0,0,0,0.0,0.0,0.0,0,0,0.0,0.0,0,0,0.0,0.0,0.0,0,0,0.0,0.0,0
2026-08-10 04:00:00-04:00,0,0,0.0,0.0,0.0,0,0,0.0,0.0,0,0,0.0,0.0,0.0,0,0,0.0,0.0,0,0,0.0,0.0,0.0,0,0,0.0,0.0,0
2026-08-10 05:00:00-04:00,0,0,0.0,0.0,0.0,0,0,0.0,0.0,0,0,0.0,0.0,0.0,0,0,0.0,0.0,0,0,0.0,0.0,0.0,0,0,0.0,0.0,0
2026-08-10 06:00:00-04:00,0,0,0.0,0.0,0.0,0,0,0.0,0.0,0,0,0.0,0.0,0.0,0,0,0.0,0.0,0,0,0.0,0.0,0.0,0,0,0.0,0.0,0
2026-08-10 07:00:00-04:00,0,0,0.0,0.0,0.0,0,0,0.0,0.0,0,0,0.0,0.0,0.0,0,0,0.0,0.0,0,0,0.0,0.0,0.0,0,0,0.0,0.0,0
2026-08-10 08:00:00-04:00,0,0,0.0,0.0,0.0,0,0,0.0,0.0,0,0,0.0,0.0,0.0,0,0,0.0,0.0,0,0,0.0,0.0,0.0,0,0,0.0,0.0,0
2026-08-10 09:00:00-04:00,0,0,0.0,0.0,0.0,0,0,0.0,0.0,0,0,0.0,0.0,0.0,0,0,0.0,0.0,0,0,0.0,0.0,0.0,0,0,0.0,0.0,0
2026-08-10 10:00:00-04:00,0,0,0.0,0.0,0.0,0,0,0.0,0.0,0,0,0.0,0.0,0.0,0,0,0.0,0.0,0,0,0.0,0.0,0.0,0,0,0.0,0.0,0
2026-08-10 11:00:00-04:00,0,0,0.0,0.0,0.0,0,0,0.0,0.0,0,0,0.0,0.0,0.0,0,0,0.0,0.0,0,0,0.0,0.0,0.0,0,0,0.0,0.0,0
2026-08-10 12:00:00-04:00,0,0,0.0,0.0,0.0,0,0,0.0,0.0,0,0,0.0,0.0,0.0,0,0,0.0,0.0,0,0,0.0,0.0,0.0,0,0,0.0,0.0,0
2026-08-10 13:00:00-04:00,0,0,0.0,0.0,0.0,0,0,0.0,0.0,0,0,0.0,0.0,0.0,0,0,0.0,0.0,0,0,0.0,0.0,0.0,0,0,0.0,0.0,0
2026-08-10 14:00:00-04:00,0,0,0.0,0.0,0.0,0,0,0.0,0.0,0,0,0.0,0.0,0.0,0,0,0.0,0.0,0,0,0.0,0.0,0.0,0,0,0.0,0.0,0
2026-08-10 15:00:00-04:00,0,0,0.0,0.0,0.0,0,0,0.0,0.0,0,0,0.0,0.0,0.0,0,0,0.0,0.0,0,0,0.0,0.0,0.0,0,0,0.0,0.0,0
2026-08-10 16:00:00-04:00,0,0,0.0,0.0,0.0,0,0,0.0,0.0,0,0,0.0,0.0,0.0,0,0,0.0,0.0,0,0,0.0,0.0,0.0,0,0,0.0,0.0,0
2026-08-10 17:00:00-04:00,0,0,0.0,0.0,0.0,0,0,0.0,0.0,0,0,0.0,0.0,0.0,0,0,0.0,0.0,0,0,0.0,0.0,0.0,0,0,0.0,0.0,0
2026-08-10 18:00:00-04:00,0,0,0.0,0.0,0.0,0,0,0.0,0.0,0,0,0.0,0.0,0.0,0,0,0.0,0.0,0,0,0.0,0.0,0.0,0,0,0.0,0.0,0
2026-08-10 19:00:00-04:00,0,0,0.0,0.0,0.0,0,0,0.0,0.0,0,0,0.0,0.0,0.0,0,0,0.0,0.0,0,0,0.0,0.0,0.0,0,0,0.0,0.0,0
2026-08-10 20:00:00-04:00,0,0,0.0,0.0,0.0,0,0,0.0,0.0,0,0,0.0,0.0,0.0,0,0,0.0,0.0,0,0,0.0,0.0,0.0,0,0,0.0,0.0,0
2026-08-10 21:00:00-04:00,0,0,0.0,0.0,0.0,0,0,0.0,0.0,0,0,0.0,0.0,0.0,0,0,0.0,0.0,0,0,0.0,0.0,0.0,0,0,0.0,0.0,0
2026-08-10 22:00:00-04:00,0,0,0.0,0.0,0.0,0,0,0.0,0.0,0,0,0.0,0.0,0.0,0,0,0.0,0.0,0,0,0.0,0.0,0.0,0,0,0.0,0.0,0
2026-08-10 23:00:00-04:00,0,0,0.0,0.0,0.0,0,0,0.0,0.0,0,0,0.0,0.0,0.0,0,0,0.0,0.0,0,0,0.0,0.0,0.0,0,0,0.0,0.0,0
2026-08-11 00:00:00-04:00,0,0,0.0,0.0,0.0,0,0,0.0,0.0,0,0,0.0,0.0,0.0,0,0,0.0,0.0,0,0,0.0,0.0,0.0,0,0,0.0,0.0,0
2026-08-11 01:00:00-04:00,0,0,0.0,0.0,0.0,0,0,0.0,0.0,0,0,0.0,0.0,0.0,0,0,0.0,0.0,0,0,0.0,0.0,0.0,0,0,0.0,0.0,0
2026-08-11 02:00:00-04:00,0,0,0.0,0.0,0.0,0,0,0.0,0.0,0,0,0.0,0.0,0.0,0,0,0.0,0.0,0,0,0.0,0.0,0.0,0,0,0.0,0.0,0
2026-08-11 03:00:00-04:00,0,0,0.0,0.0,0.0,0,0,0.0,0.0,0,0,0.0,0.0,0.0,0,0,0.0,0.0,0,0,0.0,0.0,0.0,0,0,0.0,0.0,0
2026-08-11 04:00:00-04:00,0,0,0.0,0.0,0.0,0,0,0.0,0.0,0,0,0.0,0.0,0.0,0,0,0.0,0.0,0,0,0.0,0.0,0.0,0,0,0.0,0.0,0
2026-08-11 05:00:00-04:00,0,0,0.0,0.0,0.0,0,0,0.0,0.0,0,0,0.0,0.0,0.0,0,0,0.0,0.0,0,0,0.0,0.0,0.0,0,0,0.0,0.0,0
2026-08-11 06:00:00-04:00,0,0,0.0,0.0,0.0,0,0,0.0,0.0,0,0,0.0,0.0,0.0,0,0,0.0,0.0,0,0,0.0,0.0,0.0,0,0,0.0,0.0,0
2026-08-11 07:00:00-04:00,0,0,0.0,0.0,0.0,0,0,0.0,0.0,0,0,0.0,0.0,0.0,0,0,0.0,0.0,0,0,0.0,0.0,0.0,0,0,0.0,0.0,0
2026-08-11 08:00:00-04:00,0,0,0.0,0.0,0.0,0,0,0.0,0.0,0,0,0.0,0.0,0.0,0,0,0.0,0.0,0,0,0.0,0.0,0.0,0,0,0.0,0.0,0
2026-08-11 09:00:00-04:00,0,0,0.0,0.0,0.0,0,0,0.0,0.0,0,0,0.0,0.0,0.0,0,0,0.0,0.0,0,0,0.0,0.0,0.0,0,0,0.0,0.0,0
2026-08-11 10:00:00-04:00,0,0,0.0,0.0,0.0,0,0,0.0,0.0,0,0,0.0,0.0,0.0,0,0,0.0,0.0,0,0,0.0,0.0,0.0,0,0,0.0,0.0,0
2026-08-11 11:00:00-04:00,0,0,0.0,0.0,0.0,0,0,0.0,0.0,0,0,0.0,0.0,0.0,0,0,0.0,0.0,0,0,0.0,0.0,0.0,0,0,0.0,0.0,0
2026-08-11 12:00:00-04:00,0,0,0.0,0.0,0.0,0,0,0.0,0.0,0,0,0.0,0.0,0.0,0,0,0.0,0.0,0,0,0.0,0.0,0.0,0,0,0.0,0.0,0
2026-08-11 13:00:00-04:00,0,0,0.0,0.0,0.0,0,0,0.0,0.0,0,0,0.0,0.0,0.0,0,0,0.0,0.0,0,0,0.0,0.0,0.0,0,0,0.0,0.0,0
2026-08-11 14:00:00-04:00,0,0,0.0,0.0,0.0,0,0,0.0,0.0,0,0,0.0,0.0,0.0,0,0,0.0,0.0,0,0,0.0,0.0,0.0,0,0,0.0,0.0,0
2026-08-11 15:00:00-04:00,0,0,0.0,0.0,0.0,0,0,0.0,0.0,0,0,0.0,0.0,0.0,0,0,0.0,0.0,0,0,0.0,0.0,0.0,0,0,0.0,0.0,0
2026-08-11 16:00:00-04:00,0,0,0.0,0.0,0.0,0,0,0.0,0.0,0,0,0.0,0.0,0.0,0,0,0.0,0.0,0,0,0.0,0.0,0.0,0,0,0.0,0.0,0
2026-08-11 17:00:00-04:00,0,0,0.0,0.0,0.0,0,0,0.0,0.0,0,0,0.0,0.0,0.0,0,0,0.0,0.0,0,0,0.0,0.0,0.0,0,0,0.0,0.0,0
2026-08-11 18:00:00-04:00,0,0,0.0,0.0,0.0,0,0,0.0,0.0,0,0,0.0,0.0,0.0,0,0,0.0,0.0,0,0,0.0,0.0,0.0,0,0,0.0,0.0,0
2026-08-11 19:00:00-04:00,0,0,0.0,0.0,0.0,0,0,0.0,0.0,0,0,0.0,0.0,0.0,0,0,0.0,0.0,0,0,0.0,0.0,0.0,0,0,0.0,0.0,0
2026-08-11 20:00:00-04:00,0,0,0.0,0.0,0.0,0,0,0.0,0.0,0,0,0.0,0.0,0.0,0,0,0.0,0.0,0,0,0.0,0.0,0.0,0,0,0.0,0.0,0
2026-08-11 21:00:00-04:00,0,0,0.0,0.0,0.0,0,0,0.0,0.0,0,0,0.0,0.0,0.0,0,0,0.0,0.0,0,0,0.0,0.0,0.0,0,0,0.0,0.0,0
2026-08-11 22:00:00-04:00,0,0,0.0,0.0,0.0,0,0,0.0,0.0,0,0,0.0,0.0,0.0,0,0,0.0,0.0,0,0,0.0,0.0,0.0,0,0,0.0,0.0,0
2026-08-11 23:00:00-04:00,0,0,0.0,0.0,0.0,0,0,0.0,0.0,0,0,0.0,0.0,0.0,0,0,0.0,0.0,0,0,0.0,0.0,0.0,0,0,0.0,0.0,0
2026-08-12 00:00:00-04:00,0,0,0.0,0.0,0.0,0,0,0.0,0.0,0,0,0.0,0.0,0.0,0,0,0.0,0.0,0,0,0.0,0.0,0.0,0,0,0.0,0.0,0
2026-08-12 01:00:00-04:00,0,0,0.0,0.0,0.0,0,0,0.0,0.0,0,0,0.0,0.0,0.0,0,0,0.0,0.0,0,0,0.0,0.0,0.0,0,0,0.0,0.0,0
2026-08-12 02:00:00-04:00,0,0,0.0,0.0,0.0,0,0,0.0,0.0,0,0,0.0,0.0,0.0,0,0,0.0,0.0,0,0,0.0,0.0,0.0,0,0,0.0,0.0,0
2026-08-12 03:00:00-04:00,0,0,0.0,0.0,0.0,0,0,0.0,0.0,0,0,0.0,0.0,0.0,0,0,0.0,0.0,0,0,0.0,0.0,0.0,0,0,0.0,0.0,0
2026-08-12 04:00:00-04:00,0,0,0.0,0.0,0.0,0,0,0.0,0.0,0,0,0.0,0.0,0.0,0,0,0.0,0.0,0,0,0.0,0.0,0.0,0,0,0.0,0.0,0
2026-08-12 05:00:00-04:00,0,0,0.0,0.0,0.0,0,0,0.0,0.0,0,0,0.0,0.0,0.0,0,0,0.0,0.0,0,0,0.0,0.0,0.0,0,0,0.0,0.0,0
2026-08-12 06:00:00-04:00,0,0,0.0,0.0,0.0,0,0,0.0,0.0,0,0,0.0,0.0,0.0,0,0,0.0,0.0,0,0,0.0,0.0,0.0,0,0,0.0,0.0,0
2026-08-12 07:00:00-04:00,0,0,0.0,0.0,0.0,0,0,0.0,0.0,0,0,0.0,0.0,0.0,0,0,0.0,0.0,0,0,0.0,0.0,0.0,0,0,0.0,0.0,0
2026-08-12 08:00:00-04:00,0,0,0.0,0.0,0.0,0,0,0.0,0.0,0,0,0.0,0.0,0.0,0,0,0.0,0.0,0,0,0.0,0.0,0.0,0,0,0.0,0.0,0
2026-08-12 09:00:00-04:00,0,0,0.0,0.0,0.0,0,0,0.0,0.0,0,0,0.0,0.0,0.0,0,0,0.0,0.0,0,0,0.0,0.0,0.0,0,0,0.0,0.0,0
2026-08-12 10:00:00-04:00,0,0,0.0,0.0,0.0,0,0,0.0,0.0,0,0,0.0,0.0,0.0,0,0,0.0,0.0,0,0,0.0,0.0,0.0,0,0,0.0,0.0,0
2026-08-12 11:00:00-04:00,0,0,0.0,0.0,0.0,0,0,0.0,0.0,0,0,0.0,0.0,0.0,0,0,0.0,0.0,0,0,0.0,0.0,0.0,0,0,0.0,0.0,0
2026-08-12 12:00:00-04:00,0,0,0.0,0.0,0.0,0,0,0.0,0.0,0,0,0.0,0.0,0.0,0,0,0.0,0.0,0,0,0.0,0.0,0.0,0,0,0.0,0.0,0
2026-08-12 13:00:00-04:00,0,0,0.0,0.0,0.0,0,0,0.0,0.0,0,0,0.0,0.0,0.0,0,0,0.0,0.0,0,0,0.0,0.0,0.0,0,0,0.0,0.0,0
2026-08-12 14:00:00-04:00,0,0,0.0,0.0,0.0,0,0,0.0,0.0,0,0,0.0,0.0,0.0,0,0,0.0,0.0,0,0,0.0,0.0,0.0,0,0,0.0,0.0,0
2026-08-12 15:00:00-04:00,0,0,0.0,0.0,0.0,0,0,0.0,0.0,0,0,0.0,0.0,0.0,0,0,0.0,0.0,0,0,0.0,0.0,0.0,0,0,0.0,0.0,0
2026-08-12 16:00:00-04:00,0,0,0.0,0.0,0.0,0,0,0.0,0.0,0,0,0.0,0.0,0.0,0,0,0.0,0.0,0,0,0.0,0.0,0.0,0,0,0.0,0.0,0
2026-08-12 17:00:00-04:00,0,0,0.0,0.0,0.0,0,0,0.0,0.0,0,0,0.0,0.0,0.0,0,0,0.0,0.0,0,0,0.0,0.0,0.0,0,0,0.0,0.0,0
2026-08-12 18:00:00-04:00,0,0,0.0,0.0,0.0,0,0,0.0,0.0,0,0,0.0,0.0,0.0,0,0,0.0,0.0,0,0,0.0,0.0,0.0,0,0,0.0,0.0,0
2026-08-12 19:00:00-04:00,0,0,0.0,0.0,0.0,0,0,0.0,0.0,0,0,0.0,0.0,0.0,0,0,0.0,0.0,0,0,0.0,0.0,0.0,0,0,0.0,0.0,0
2026-08-12 20:00:00-04:00,0,0,0.0,0.0,0.0,0,0,0.0,0.0,0,0,0.0,0.0,0.0,0,0,0.0,0.0,0,0,0.0,0.0,0.0,0,0,0.0,0.0,0
2026-08-12 21:00:00-04:00,0,0,0.0,0.0,0.0,0,0,0.0,0.0,0,0,0.0,0.0,0.0,0,0,0.0,0.0,0,0,0.0,0.0,0.0,0,0,0.0,0.0,0
2026-08-12 22:00:00-04:00,0,0,0.0,0.0,0.0,0,0,0.0,0.0,0,0,0.0,0.0,0.0,0,0,0.0,0.0,0,0,0.0,0.0,0.0,0,0,0.0,0.0,0
2026-08-12 23:00:00-04:00,0,0,0.0,0.0,0.0,0,0,0.0,0.0,0,0,0.0,0.0,0.0,0,0,0.0,0.0,0,0,0.0,0.0,0.0,0,0,0.0,0.0,0
2026-08-13 00:00:00-04:00,0,0,0.0,0.0,0.0,0,0,0.0,0.0,0,0,0.0,0.0,0.0,0,0,0.0,0.0,0,0,0.0,0.0,0.0,0,0,0.0,0.0,0
2026-08-13 01:00:00-04:00,0,0,0.0,0.0,0.0,0,0,0.0,0.0,0,0,0.0,0.0,0.0,0,0,0.0,0.0,0,0,0.0,0.0,0.0,0,0,0.0,0.0,0
2026-08-13 02:00:00-04:00,0,0,0.0,0.0,0.0,0,0,0.0,0.0,0,0,0.0,0.0,0.0,0,0,0.0,0.0,0,0,0.0,0.0,0.0,0,0,0.0,0.0,0
2026-08-13 03:00:00-04:00,0,0,0.0,0.0,0.0,0,0,0.0,0.0,0,0,0.0,0.0,0.0,0,0,0.0,0.0,0,0,0.0,0.0,0.0,0,0,0.0,0.0,0
2026-08-13 04:00:00-04:00,0,0,0.0,0.0,0.0,0,0,0.0,0.0,0,0,0.0,0.0,0.0,0,0,0.0,0.0,0,0,0.0,0.0,0.0,0,0,0.0,0.0,0
2026-08-13 05:00:00-04:00,0,0,0.0,0.0,0.0,0,0,0.0,0.0,0,0,0.0,0.0,0.0,0,0,0.0,0.0,0,0,0.0,0.0,0.0,0,0,0.0,0.0,0
2026-08-13 06:00:00-04:00,0,0,0.0,0.0,0.0,0,0,0.0,0.0,0,0,0.0,0.0,0.0,0,0,0.0,0.0,0,0,0.0,0.0,0.0,0,0,0.0,0.0,0
2026-08-13 07:00:00-04:00,0,0,0.0,0.0,0.0,0,0,0.0,0.0,0,0,0.0,0.0,0.0,0,0,0.0,0.0,0,0,0.0,0.0,0.0,0,0,0.0,0.0,0
2026-08-13 08:00:00-04:00,0,0,0.0,0.0,0.0,0,0,0.0,0.0,0,0,0.0,0.0,0.0,0,0,0.0,0.0,0,0,0.0,0.0,0.0,0,0,0.0,0.0,0
2026-08-13 09:00:00-04:00,0,0,0.0,0.0,0.0,0,0,0.0,0.0,0,0,0.0,0.0,0.0,0,0,0.0,0.0,0,0,0.0,0.0,0.0,0,0,0.0,0.0,0
2026-08-13 10:00:00-04:00,0,0,0.0,0.0,0.0,0,0,0.0,0.0,0,0,0.0,0.0,0.0,0,0,0.0,0.0,0,0,0.0,0.0,0.0,0,0,0.0,0.0,0
2026-08-13 11:00:00-04:00,0,0,0.0,0.0,0.0,0,0,0.0,0.0,0,0,0.0,0.0,0.0,0,0,0.0,0.0,0,0,0.0,0.0,0.0,0,0,0.0,0.0,0
2026-08-13 12:00:00-04:00,0,0,0.0,0.0,0.0,0,0,0.0,0.0,0,0,0.0,0.0,0.0,0,0,0.0,0.0,0,0,0.0,0.0,0.0,0,0,0.0,0.0,0
2026-08-13 13:00:00-04:00,0,0,0.0,0.0,0.0,0,0,0.0,0.0,0,0,0.0,0.0,0.0,0,0,0.0,0.0,0,0,0.0,0.0,0.0,0,0,0.0,0.0,0
2026-08-13 14:00:00-04:00,0,0,0.0,0.0,0.0,0,0,0.0,0.0,0,0,0.0,0.0,0.0,0,0,0.0,0.0,0,0,0.0,0.0,0.0,0,0,0.0,0.0,0
2026-08-13 15:00:00-04:00,0,0,0.0,0.0,0.0,0,0,0.0,0.0,0,0,0.0,0.0,0.0,0,0,0.0,0.0,0,0,0.0,0.0,0.0,0,0,0.0,0.0,0
2026-08-13 16:00:00-04:00,0,0,0.0,0.0,0.0,0,0,0.0,0.0,0,0,0.0,0.0,0.0,0,0,0.0,0.0,0,0,0.0,0.0,0.0,0,0,0.0,0.0,0
2026-08-13 17:00:00-04:00,0,0,0.0,0.0,0.0,0,0,0.0,0.0,0,0,0.0,0.0,0.0,0,0,0.0,0.0,0,0,0.0,0.0,0.0,0,0,0.0,0.0,0
2026-08-13 18:00:00-04:00,0,0,0.0,0.0,0.0,0,0,0.0,0.0,0,0,0.0,0.0,0.0,0,0,0.0,0.0,0,0,0.0,0.0,0.0,0,0,0.0,0.0,0
2026-08-13 19:00:00-04:00,0,0,0.0,0.0,0.0,0,0,0.0,0.0,0,0,0.0,0.0,0.0,0,0,0.0,0.0,0,0,0.0,0.0,0.0,0,0,0.0,0.0,0
2026-08-13 20:00:00-04:00,0,0,0.0,0.0,0.0,0,0,0.0,0.0,0,0,0.0,0.0,0.0,0,0,0.0,0.0,0,0,0.0,0.0,0.0,0,0,0.0,0.0,0
2026-08-13 21:00:00-04:00,0,0,0.0,0.0,0.0,0,0,0.0,0.0,0,0,0.0,0.0,0.0,0,0,0.0,0.0,0,0,0.0,0.0,0.0,0,0,0.0,0.0,0
2026-08-13 22:00:00-04:00,0,0,0.0,0.0,0.0,0,0,0.0,0.0,0,0,0.0,0.0,0.0,0,0,0.0,0.0,0,0,0.0,0.0,0.0,0,0,0.0,0.0,0
2026-08-13 23:00:00-04:00,0,0,0.0,0.0,0.0,0,0,0.0,0.0,0,0,0.0,0.0,0.0,0,0,0.0,0.0,0,0,0.0,0.0,0.0,0,0,0.0,0.0,0
2026-08-14 00:00:00-04:00,0,0,0.0,0.0,0.0,0,0,0.0,0.0,0,0,0.0,0.0,0.0,0,0,0.0,0.0,0,0,0.0,0.0,0.0,0,0,0.0,0.0,0
2026-08-14 01:00:00-04:00,0,0,0.0,0.0,0.0,0,0,0.0,0.0,0,0,0.0,0.0,0.0,0,0,0.0,0.0,0,0,0.0,0.0,0.0,0,0,0.0,0.0,0
2026-08-14 02:00:00-04:00,0,0,0.0,0.0,0.0,0,0,0.0,0.0,0,0,0.0,0.0,0.0,0,0,0.0,0.0,0,0,0.0,0.0,0.0,0,0,0.0,0.0,0
2026-08-14 03:00:00-04:00,0,0,0.0,0.0,0.0,0,0,0.0,0.0,0,0,0.0,0.0,0.0,0,0,0.0,0.0,0,0,0.0,0.0,0.0,0,0,0.0,0.0,0
2026-08-14 04:00:00-04:00,0,0,0.0,0.0,0.0,0,0,0.0,0.0,0,0,0.0,0.0,0.0,0,0,0.0,0.0,0,0,0.0,0.0,0.0,0,0,0.0,0.0,0
2026-08-14 05:00:00-04:00,0,0,0.0,0.0,0.0,0,0,0.0,0.0,0,0,0.0,0.0,0.0,0,0,0.0,0.0,0,0,0.0,0.0,0.0,0,0,0.0,0.0,0
2026-08-14 06:00:00-04:00,0,0,0.0,0.0,0.0,0,0,0.0,0.0,0,0,0.0,0.0,0.0,0,0,0.0,0.0,0,0,0.0,0.0,0.0,0,0,0.0,0.0,0
2026-08-14 07:00:00-04:00,0,0,0.0,0.0,0.0,0,0,0.0,0.0,0,0,0.0,0.0,0.0,0,0,0.0,0.0,0,0,0.0,0.0,0.0,0,0,0.0,0.0,0
2026-08-14 08:00:00-04:00,0,0,0.0,0.0,0.0,0,0,0.0,0.0,0,0,0.0,0.0,0.0,0,0,0.0,0.0,0,0,0.0,0.0,0.0,0,0,0.0,0.0,0
2026-08-14 09:00:00-04:00,0,0,0.0,0.0,0.0,0,0,0.0,0.0,0,0,0.0,0.0,0.0,0,0,0.0,0.0,0,0,0.0,0.0,0.0,0,0,0.0,0.0,0
2026-08-14 10:00:00-04:00,0,0,0.0,0.0,0.0,0,0,0.0,0.0,0,0,0.0,0.0,0.0,0,0,0.0,0.0,0,0,0.0,0.0,0.0,0,0,0.0,0.0,0
2026-08-14 11:00:00-04:00,0,0,0.0,0.0,0.0,0,0,0.0,0.0,0,0,0.0,0.0,0.0,0,0,0.0,0.0,0,0,0.0,0.0,0.0,0,0,0.0,0.0,0
2026-08-14 12:00:00-04:00,0,0,0.0,0.0,0.0,0,0,0.0,0.0,0,0,0.0,0.0,0.0,0,0,0.0,0.0,0,0,0.0,0.0,0.0,0,0,0.0,0.0,0
2026-08-14 13:00:00-04:00,0,0,0.0,0.0,0.0,0,0,0.0,0.0,0,0,0.0,0.0,0.0,0,0,0.0,0.0,0,0,0.0,0.0,0.0,0,0,0.0,0.0,0
2026-08-14 14:00:00-04:00,0,0,0.0,0.0,0.0,0,0,0.0,0.0,0,0,0.0,0.0,0.0,0,0,0.0,0.0,0,0,0.0,0.0,0.0,0,0,0.0,0.0,0
2026-08-14 15:00:00-04:00,0,0,0.0,0.0,0.0,0,0,0.0,0.0,0,0,0.0,0.0,0.0,0,0,0.0,0.0,0,0,0.0,0.0,0.0,0,0,0.0,0.0,0
2026-08-14 16:00:00-04:00,0,0,0.0,0.0,0.0,0,0,0.0,0.0,0,0,0.0,0.0,0.0,0,0,0.0,0.0,0,0,0.0,0.0,0.0,0,0,0.0,0.0,0
2026-08-14 17:00:00-04:00,0,0,0.0,0.0,0.0,0,0,0.0,0.0,0,0,0.0,0.0,0.0,0,0,0.0,0.0,0,0,0.0,0.0,0.0,0,0,0.0,0.0,0
2026-08-14 18:00:00-04:00,0,0,0.0,0.0,0.0,0,0,0.0,0.0,0,0,0.0,0.0,0.0,0,0,0.0,0.0,0,0,0.0,0.0,0.0,0,0,0.0,0.0,0
2026-08-14 19:00:00-04:00,0,0,0.0,0.0,0.0,0,0,0.0,0.0,0,0,0.0,0.0,0.0,0,0,0.0,0.0,0,0,0.0,0.0,0.0,0,0,0.0,0.0,0
2026-08-14 20:00:00-04:00,0,0,0.0,0.0,0.0,0,0,0.0,0.0,0,0,0.0,0.0,0.0,0,0,0.0,0.0,0,0,0.0,0.0,0.0,0,0,0.0,0.0,0
2026-08-14 21:00:00-04:00,0,0,0.0,0.0,0.0,0,0,0.0,0.0,0,0,0.0,0.0,0.0,0,0,0.0,0.0,0,0,0.0,0.0,0.0,0,0,0.0,0.0,0
2026-08-14 22:00:00-04:00,0,0,0.0,0.0,0.0,0,0,0.0,0.0,0,0,0.0,0.0,0.0,0,0,0.0,0.0,0,0,0.0,0.0,0.0,0,0,0.0,0.0,0
2026-08-14 23:00:00-04:00,0,0,0.0,0.0,0.0,0,0,0.0,0.0,0,0,0.0,0.0,0.0,0,0,0.0,0.0,0,0,0.0,0.0,0.0,0,0,0.0,0.0,0
2026-08-15 00:00:00-04:00,0,0,0.0,0.0,0.0,0,0,0.0,0.0,0,0,0.0,0.0,0.0,0,0,0.0,0.0,0,0,0.0,0.0,0.0,0,0,0.0,0.0,0
2026-08-15 01:00:00-04:00,0,0,0.0,0.0,0.0,0,0,0.0,0.0,0,0,0.0,0.0,0.0,0,0,0.0,0.0,0,0,0.0,0.0,0.0,0,0,0.0,0.0,0
2026-08-15 02:00:00-04:00,0,0,0.0,0.0,0.0,0,0,0.0,0.0,0,0,0.0,0.0,0.0,0,0,0.0,0.0,0,0,0.0,0.0,0.0,0,0,0.0,0.0,0
2026-08-15 03:00:00-04:00,0,0,0.0,0.0,0.0,0,0,0.0,0.0,0,0,0.0,0.0,0.0,0,0,0.0,0.0,0,0,0.0,0.0,0.0,0,0,0.0,0.0,0
2026-08-15 04:00:00-04:00,0,0,0.0,0.0,0.0,0,0,0.0,0.0,0,0,0.0,0.0,0.0,0,0,0.0,0.0,0,0,0.0,0.0,0.0,0,0,0.0,0.0,0
2026-08-15 05:00:00-04:00,0,0,0.0,0.0,0.0,0,0,0.0,0.0,0,0,0.0,0.0,0.0,0,0,0.0,0.0,0,0,0.0,0.0,0.0,0,0,0.0,0.0,0
2026-08-15 06:00:00-04:00,0,0,0.0,0.0,0.0,0,0,0.0,0.0,0,0,0.0,0.0,0.0,0,0,0.0,0.0,0,0,0.0,0.0,0.0,0,0,0.0,0.0,0
2026-08-15 07:00:00-04:00,0,0,0.0,0.0,0.0,0,0,0.0,0.0,0,0,0.0,0.0,0.0,0,0,0.0,0.0,0,0,0.0,0.0,0.0,0,0,0.0,0.0,0
2026-08-15 08:00:00-04:00,0,0,0.0,0.0,0.0,0,0,0.0,0.0,0,0,0.0,0.0,0.0,0,0,0.0,0.0,0,0,0.0,0.0,0.0,0,0,0.0,0.0,0
2026-08-15 09:00:00-04:00,0,0,0.0,0.0,0.0,0,0,0.0,0.0,0,0,0.0,0.0,0.0,0,0,0.0,0.0,0,0,0.0,0.0,0.0,0,0,0.0,0.0,0
2026-08-15 10:00:00-04:00,0,0,0.0,0.0,0.0,0,0,0.0,0.0,0,0,0.0,0.0,0.0,0,0,0.0,0.0,0,0,0.0,0.0,0.0,0,0,0.0,0.0,0
2026-08-15 11:00:00-04:00,0,0,0.0,0.0,0.0,0,0,0.0,0.0,0,0,0.0,0.0,0.0,0,0,0.0,0.0,0,0,0.0,0.0,0.0,0,0,0.0,0.0,0
2026-08-15 12:00:00-04:00,0,0,0.0,0.0,0.0,0,0,0.0,0.0,0,0,0.0,0.0,0.0,0,0,0.0,0.0,0,0,0.0,0.0,0.0,0,0,0.0,0.0,0
2026-08-15 13:00:00-04:00,0,0,0.0,0.0,0.0,0,0,0.0,0.0,0,0,0.0,0.0,0.0,0,0,0.0,0.0,0,0,0.0,0.0,0.0,0,0,0.0,0.0,0
2026-08-15 14:00:00-04:00,0,0,0.0,0.0,0.0,0,0,0.0,0.0,0,0,0.0,0.0,0.0,0,0,0.0,0.0,0,0,0.0,0.0,0.0,0,0,0.0,0.0,0
2026-08-15 15:00:00-04:00,0,0,0.0,0.0,0.0,0,0,0.0,0.0,0,0,0.0,0.0,0.0,0,0,0.0,0.0,0,0,0.0,0.0,0.0,0,0,0.0,0.0,0
2026-08-15 16:00:00-04:00,0,0,0.0,0.0,0.0,0,0,0.0,0.0,0,0,0.0,0.0,0.0,0,0,0.0,0.0,0,0,0.0,0.0,0.0,0,0,0.0,0.0,0
2026-08-15 17:00:00-04:00,0,0,0.0,0.0,0.0,0,0,0.0,0.0,0,0,0.0,0.0,0.0,0,0,0.0,0.0,0,0,0.0,0.0,0.0,0,0,0.0,0.0,0
2026-08-15 18:00:00-04:00,0,0,0.0,0.0,0.0,0,0,0.0,0.0,0,0,0.0,0.0,0.0,0,0,0.0,0.0,0,0,0.0,0.0,0.0,0,0,0.0,0.0,0
2026-08-15 19:00:00-04:00,0,0,0.0,0.0,0.0,0,0,0.0,0.0,0,0,0.0,0.0,0.0,0,0,0.0,0.0,0,0,0.0,0.0,0.0,0,0,0.0,0.0,0
2026-08-15 20:00:00-04:00,0,0,0.0,0.0,0.0,0,0,0.0,0.0,0,0,0.0,0.0,0.0,0,0,0.0,0.0,0,0,0.0,0.0,0.0,0,0,0.0,0.0,0
2026-08-15 21:00:00-04:00,0,0,0.0,0.0,0.0,0,0,0.0,0.0,0,0,0.0,0.0,0.0,0,0,0.0,0.0,0,0,0.0,0.0,0.0,0,0,0.0,0.0,0
2026-08-15 22:00:00-04:00,0,0,0.0,0.0,0.0,0,0,0.0,0.0,0,0,0.0,0.0,0.0,0,0,0.0,0.0,0,0,0.0,0.0,0.0,0,0,0.0,0.0,0
2026-08-15 23:00:00-04:00,0,0,0.0,0.0,0.0,0,0,0.0,0.0,0,0,0.0,0.0,0.0,0,0,0.0,0.0,0,0,0.0,0.0,0.0,0,0,0.0,0.0,0
2026-08-16 00:00:00-04:00,0,0,0.0,0.0,0.0,0,0,0.0,0.0,0,0,0.0,0.0,0.0,0,0,0.0,0.0,0,0,0.0,0.0,0.0,0,0,0.0,0.0,0
2026-08-16 01:00:00-04:00,0,0,0.0,0.0,0.0,0,0,0.0,0.0,0,0,0.0,0.0,0.0,0,0,0.0,0.0,0,0,0.0,0.0,0.0,0,0,0.0,0.0,0
2026-08-16 02:00:00-04:00,0,0,0.0,0.0,0.0,0,0,0.0,0.0,0,0,0.0,0.0,0.0,0,0,0.0,0.0,0,0,0.0,0.0,0.0,0,0,0.0,0.0,0
2026-08-16 03:00:00-04:00,0,0,0.0,0.0,0.0,0,0,0.0,0.0,0,0,0.0,0.0,0.0,0,0,0.0,0.0,0,0,0.0,0.0,0.0,0,0,0.0,0.0,0
2026-08-16 04:00:00-04:00,0,0,0.0,0.0,0.0,0,0,0.0,0.0,0,0,0.0,0.0,0.0,0,0,0.0,0.0,0,0,0.0,0.0,0.0,0,0,0.0,0.0,0
2026-08-16 05:00:00-04:00,0,0,0.0,0.0,0.0,0,0,0.0,0.0,0,0,0.0,0.0,0.0,0,0,0.0,0.0,0,0,0.0,0.0,0.0,0,0,0.0,0.0,0
2026-08-16 06:00:00-04:00,0,0,0.0,0.0,0.0,0,0,0.0,0.0,0,0,0.0,0.0,0.0,0,0,0.0,0.0,0,0,0.0,0.0,0.0,0,0,0.0,0.0,0
2026-08-16 07:00:00-04:00,0,0,0.0,0.0,0.0,0,0,0.0,0.0,0,0,0.0,0.0,0.0,0,0,0.0,0.0,0,0,0.0,0.0,0.0,0,0,0.0,0.0,0
2026-08-16 08:00:00-04:00,0,0,0.0,0.0,0.0,0,0,0.0,0.0,0,0,0.0,0.0,0.0,0,0,0.0,0.0,0,0,0.0,0.0,0.0,0,0,0.0,0.0,0
2026-08-16 09:00:00-04:00,0,0,0.0,0.0,0.0,0,0,0.0,0.0,0,0,0.0,0.0,0.0,0,0,0.0,0.0,0,0,0.0,0.0,0.0,0,0,0.0,0.0,0
2026-08-16 10:00:00-04:00,0,0,0.0,0.0,0.0,0,0,0.0,0.0,0,0,0.0,0.0,0.0,0,0,0.0,0.0,0,0,0.0,0.0,0.0,0,0,0.0,0.0,0
2026-08-16 11:00:00-04:00,0,0,0.0,0.0,0.0,0,0,0.0,0.0,0,0,0.0,0.0,0.0,0,0,0.0,0.0,0,0,0.0,0.0,0.0,0,0,0.0,0.0,0
2026-08-16 12:00:00-04:00,0,0,0.0,0.0,0.0,0,0,0.0,0.0,0,0,0.0,0.0,0.0,0,0,0.0,0.0,0,0,0.0,0.0,0.0,0,0,0.0,0.0,0
2026-08-16 13:00:00-04:00,0,0,0.0,0.0,0.0,0,0,0.0,0.0,0,0,0.0,0.0,0.0,0,0,0.0,0.0,0,0,0.0,0.0,0.0,0,0,0.0,0.0,0
2026-08-16 14:00:00-04:00,0,0,0.0,0.0,0.0,0,0,0.0,0.0,0,0,0.0,0.0,0.0,0,0,0.0,0.0,0,0,0.0,0.0,0.0,0,0,0.0,0.0,0
2026-08-16 15:00:00-04:00,0,0,0.0,0.0,0.0,0,0,0.0,0.0,0,0,0.0,0.0,0.0,0,0,0.0,0.0,0,0,0.0,0.0,0.0,0,0,0.0,0.0,0
2026-08-16 16:00:00-04:00,0,0,0.0,0.0,0.0,0,0,0.0,0.0,0,0,0.0,0.0,0.0,0,0,0.0,0.0,0,0,0.0,0.0,0.0,0,0,0.0,0.0,0
2026-08-16 17:00:00-04:00,0,0,0.0,0.0,0.0,0,0,0.0,0.0,0,0,0.0,0.0,0.0,0,0,0.0,0.0,0,0,0.0,0.0,0.0,0,0,0.0,0.0,0
2026-08-16 18:00:00-04:00,0,0,0.0,0.0,0.0,0,0,0.0,0.0,0,0,0.0,0.0,0.0,0,0,0.0,0.0,0,0,0.0,0.0,0.0,0,0,0.0,0.0,0
2026-08-16 19:00:00-04:00,0,0,0.0,0.0,0.0,0,0,0.0,0.0,0,0,0.0,0.0,0.0,0,0,0.0,0.0,0,0,0.0,0.0,0.0,0,0,0.0,0.0,0
2026-08-16 20:00:00-04:00,0,0,0.0,0.0,0.0,0,0,0.0,0.0,0,0,0.0,0.0,0.0,0,0,0.0,0.0,0,0,0.0,0.0,0.0,0,0,0.0,0.0,0
2026-08-16 21:00:00-04:00,0,0,0.0,0.0,0.0,0,0,0.0,0.0,0,0,0.0,0.0,0.0,0,0,0.0,0.0,0,0,0.0,0.0,0.0,0,0,0.0,0.0,0
2026-08-16 22:00:00-04:00,0,0,0.0,0.0,0.0,0,0,0.0,0.0,0,0,0.0,0.0,0.0,0,0,0.0,0.0,0,0,0.0,0.0,0.0,0,0,0.0,0.0,0
2026-08-16 23:00:00-04:00,0,0,0.0,0.0,0.0,0,0,0.0,0.0,0,0,0.0,0.0,0.0,0,0,0.0,0.0,0,0,0.0,0.0,0.0,0,0,0.0,0.0,0
2026-08-17 00:00:00-04:00,0,0,0.0,0.0,0.0,0,0,0.0,0.0,0,0,0.0,0.0,0.0,0,0,0.0,0.0,0,0,0.0,0.0,0.0,0,0,0.0,0.0,0
2026-08-17 01:00:00-04:00,0,0,0.0,0.0,0.0,0,0,0.0,0.0,0,0,0.0,0.0,0.0,0,0,0.0,0.0,0,0,0.0,0.0,0.0,0,0,0.0,0.0,0
2026-08-17 02:00:00-04:00,0,0,0.0,0.0,0.0,0,0,0.0,0.0,0,0,0.0,0.0,0.0,0,0,0.0,0.0,0,0,0.0,0.0,0.0,0,0,0.0,0.0,0
2026-08-17 03:00:00-04:00,0,0,0.0,0.0,0.0,0,0,0.0,0.0,0,0,0.0,0.0,0.0,0,0,0.0,0.0,0,0,0.0,0.0,0.0,0,0,0.0,0.0,0
2026-08-17 04:00:00-04:00,0,0,0.0,0.0,0.0,0,0,0.0,0.0,0,0,0.0,0.0,0.0,0,0,0.0,0.0,0,0,0.0,0.0,0.0,0,0,0.0,0.0,0
2026-08-17 05:00:00-04:00,0,0,0.0,0.0,0.0,0,0,0.0,0.0,0,0,0.0,0.0,0.0,0,0,0.0,0.0,0,0,0.0,0.0,0.0,0,0,0.0,0.0,0
2026-08-17 06:00:00-04:00,0,0,0.0,0.0,0.0,0,0,0.0,0.0,0,0,0.0,0.0,0.0,0,0,0.0,0.0,0,0,0.0,0.0,0.0,0,0,0.0,0.0,0
2026-08-17 07:00:00-04:00,0,0,0.0,0.0,0.0,0,0,0.0,0.0,0,0,0.0,0.0,0.0,0,0,0.0,0.0,0,0,0.0,0.0,0.0,0,0,0.0,0.0,0
2026-08-17 08:00:00-04:00,0,0,0.0,0.0,0.0,0,0,0.0,0.0,0,0,0.0,0.0,0.0,0,0,0.0,0.0,0,0,0.0,0.0,0.0,0,0,0.0,0.0,0
2026-08-17 09:00:00-04:00,0,0,0.0,0.0,0.0,0,0,0.0,0.0,0,0,0.0,0.0,0.0,0,0,0.0,0.0,0,0,0.0,0.0,0.0,0,0,0.0,0.0,0
2026-08-17 10:00:00-04:00,0,0,0.0,0.0,0.0,0,0,0.0,0.0,0,0,0.0,0.0,0.0,0,0,0.0,0.0,0,0,0.0,0.0,0.0,0,0,0.0,0.0,0
2026-08-17 11:00:00-04:00,0,0,0.0,0.0,0.0,0,0,0.0,0.0,0,0,0.0,0.0,0.0,0,0,0.0,0.0,0,0,0.0,0.0,0.0,0,0,0.0,0.0,0
2026-08-17 12:00:00-04:00,0,0,0.0,0.0,0.0,0,0,0.0,0.0,0,0,0.0,0.0,0.0,0,0,0.0,0.0,0,0,0.0,0.0,0.0,0,0,0.0,0.0,0
2026-08-17 13:00:00-04:00,0,0,0.0,0.0,0.0,0,0,0.0,0.0,0,0,0.0,0.0,0.0,0,0,0.0,0.0,0,0,0.0,0.0,0.0,0,0,0.0,0.0,0
2026-08-17 14:00:00-04:00,0,0,0.0,0.0,0.0,0,0,0.0,0.0,0,0,0.0,0.0,0.0,0,0,0.0,0.0,0,0,0.0,0.0,0.0,0,0,0.0,0.0,0
2026-08-17 15:00:00-04:00,0,0,0.0,0.0,0.0,0,0,0.0,0.0,0,0,0.0,0.0,0.0,0,0,0.0,0.0,0,0,0.0,0.0,0.0,0,0,0.0,0.0,0
2026-08-17 16:00:00-04:00,0,0,0.0,0.0,0.0,0,0,0.0,0.0,0,0,0.0,0.0,0.0,0,0,0.0,0.0,0,0,0.0,0.0,0.0,0,0,0.0,0.0,0
2026-08-17 17:00:00-04:00,0,0,0.0,0.0,0.0,0,0,0.0,0.0,0,0,0.0,0.0,0.0,0,0,0.0,0.0,0,0,0.0,0.0,0.0,0,0,0.0,0.0,0
2026-08-17 18:00:00-04:00,0,0,0.0,0.0,0.0,0,0,0.0,0.0,0,0,0.0,0.0,0.0,0,0,0.0,0.0,0,0,0.0,0.0,0.0,0,0,0.0,0.0,0
2026-08-17 19:00:00-04:00,0,0,0.0,0.0,0.0,0,0,0.0,0.0,0,0,0.0,0.0,0.0,0,0,0.0,0.0,0,0,0.0,0.0,0.0,0,0,0.0,0.0,0
2026-08-17 20:00:00-04:00,0,0,0.0,0.0,0.0,0,0,0.0,0.0,0,0,0.0,0.0,0.0,0,0,0.0,0.0,0,0,0.0,0.0,0.0,0,0,0.0,0.0,0
2026-08-17 21:00:00-04:00,0,0,0.0,0.0,0.0,0,0,0.0,0.0,0,0,0.0,0.0,0.0,0,0,0.0,0.0,0,0,0.0,0.0,0.0,0,0,0.0,0.0,0
2026-08-17 22:00:00-04:00,0,0,0.0,0.0,0.0,0,0,0.0,0.0,0,0,0.0,0.0,0.0,0,0,0.0,0.0,0,0,0.0,0.0,0.0,0,0,0.0,0.0,0
2026-08-17 23:00:00-04:00,0,0,0.0,0.0,0.0,0,0,0.0,0.0,0,0,0.0,0.0,0.0,0,0,0.0,0.0,0,0,0.0,0.0,0.0,0,0,0.0,0.0,0
2026-08-18 00:00:00-04:00,0,0,0.0,0.0,0.0,0,0,0.0,0.0,0,0,0.0,0.0,0.0,0,0,0.0,0.0,0,0,0.0,0.0,0.0,0,0,0.0,0.0,0
2026-08-18 01:00:00-04:00,0,0,0.0,0.0,0.0,0,0,0.0,0.0,0,0,0.0,0.0,0.0,0,0,0.0,0.0,0,0,0.0,0.0,0.0,0,0,0.0,0.0,0
2026-08-18 02:00:00-04:00,0,0,0.0,0.0,0.0,0,0,0.0,0.0,0,0,0.0,0.0,0.0,0,0,0.0,0.0,0,0,0.0,0.0,0.0,0,0,0.0,0.0,0
2026-08-18 03:00:00-04:00,0,0,0.0,0.0,0.0,0,0,0.0,0.0,0,0,0.0,0.0,0.0,0,0,0.0,0.0,0,0,0.0,0.0,0.0,0,0,0.0,0.0,0
2026-08-18 04:00:00-04:00,0,0,0.0,0.0,0.0,0,0,0.0,0.0,0,0,0.0,0.0,0.0,0,0,0.0,0.0,0,0,0.0,0.0,0.0,0,0,0.0,0.0,0
2026-08-18 05:00:00-04:00,0,0,0.0,0.0,0.0,0,0,0.0,0.0,0,0,0.0,0.0,0.0,0,0,0.0,0.0,0,0,0.0,0.0,0.0,0,0,0.0,0.0,0
2026-08-18 06:00:00-04:00,0,0,0.0,0.0,0.0,0,0,0.0,0.0,0,0,0.0,0.0,0.0,0,0,0.0,0.0,0,0,0.0,0.0,0.0,0,0,0.0,0.0,0
2026-08-18 07:00:00-04:00,0,0,0.0,0.0,0.0,0,0,0.0,0.0,0,0,0.0,0.0,0.0,0,0,0.0,0.0,0,0,0.0,0.0,0.0,0,0,0.0,0.0,0
2026-08-18 08:00:00-04:00,0,0,0.0,0.0,0.0,0,0,0.0,0.0,0,0,0.0,0.0,0.0,0,0,0.0,0.0,0,0,0.0,0.0,0.0,0,0,0.0,0.0,0
2026-08-18 09:00:00-04:00,0,0,0.0,0.0,0.0,0,0,0.0,0.0,0,0,0.0,0.0,0.0,0,0,0.0,0.0,0,0,0.0,0.0,0.0,0,0,0.0,0.0,0
2026-08-18 10:00:00-04:00,0,0,0.0,0.0,0.0,0,0,0.0,0.0,0,0,0.0,0.0,0.0,0,0,0.0,0.0,0,0,0.0,0.0,0.0,0,0,0.0,0.0,0
2026-08-18 11:00:00-04:00,0,0,0.0,0.0,0.0,0,0,0.0,0.0,0,0,0.0,0.0,0.0,0,0,0.0,0.0,0,0,0.0,0.0,0.0,0,0,0.0,0.0,0
2026-08-18 12:00:00-04:00,0,0,0.0,0.0,0.0,0,0,0.0,0.0,0,0,0.0,0.0,0.0,0,0,0.0,0.0,0,0,0.0,0.0,0.0,0,0,0.0,0.0,0
2026-08-18 13:00:00-04:00,0,0,0.0,0.0,0.0,0,0,0.0,0.0,0,0,0.0,0.0,0.0,0,0,0.0,0.0,0,0,0.0,0.0,0.0,0,0,0.0,0.0,0
2026-08-18 14:00:00-04:00,0,0,0.0,0.0,0.0,0,0,0.0,0.0,0,0,0.0,0.0,0.0,0,0,0.0,0.0,0,0,0.0,0.0,0.0,0,0,0.0,0.0,0
2026-08-18 15:00:00-04:00,0,0,0.0,0.0,0.0,0,0,0.0,0.0,0,0,0.0,0.0,0.0,0,0,0.0,0.0,0,0,0.0,0.0,0.0,0,0,0.0,0.0,0
2026-08-18 16:00:00-04:00,0,0,0.0,0.0,0.0,0,0,0.0,0.0,0,0,0.0,0.0,0.0,0,0,0.0,0.0,0,0,0.0,0.0,0.0,0,0,0.0,0.0,0
2026-08-18 17:00:00-04:00,6,0,0.0,0.0,0.0,0,0,0.0,0.0,6,0,0.0,0.0,0.0,0,0,0.0,0.0,6,0,0.0,0.0,0.0,0,0,0.0,0.0,0
2026-08-18 18:00:00-04:00,83,0,21400.0,4091.0,17309.0,0,2,18413.45813562308,10340.0,83,0,30.0,12.0,18.0,0,1,19.351245488678945,13.0,83,0,507.0,230.0,277.0,1,0,514.8291793193579,232.0,8
2026-08-18 19:00:00-04:00,89,0,34683.0,20128.0,14555.0,0,0,1844.8371744639392,11185.0,89,0,23.0,15.0,8.0,0,0,1.2657581107942075,8.0,89,0,390.0,249.0,141.0,0,0,22.206057452940755,170.0,1
2026-08-18 20:00:00-04:00,106,0,32266.0,15727.0,16539.0,0,0,1599.7099315861672,11248.0,106,0,20.0,9.0,11.0,0,0,0.9670301920262104,6.0,106,0,350.0,191.0,159.0,0,0,18.46575552161695,149.0,1
2026-08-18 21:00:00-04:00,94,0,28351.0,19345.0,9006.0,0,0,1585.7453181067765,10628.0,94,0,31.0,10.0,21.0,0,0,1.7185473569038316,13.0,94,0,511.0,96.0,415.0,0,0,33.31880016166854,295.0,1
2026-08-18 22:00:00-04:00,83,11,2228.0,760.0,1468.0,0,0,182.8545459191565,1468.0,83,13,29.0,21.0,8.0,0,0,2.129202048951531,15.0,83,13,2213.0,745.0,1468.0,0,0,185.00844624985345,1468.0,4
2026-08-18 23:00:00-04:00,120,0,33624.0,10150.0,12932.0,0,0,1767.808003651063,12932.0,120,0,25.0,10.0,5.0,0,0,1.358904338554305,10.0,120,0,448.0,145.0,195.0,0,0,24.0844822185785,195.0,1
2026-08-19 00:00:00-04:00,120,0,53633.0,30320.0,23313.0,0,0,2492.914289818284,15773.0,120,0,34.0,18.0,16.0,0,0,1.6710227188074696,13.0,120,0,484.0,226.0,258.0,0,0,25.18860990170862,222.0,1
2026-08-19 01:00:00-04:00,120,0,26747.0,8602.0,9569.0,0,0,1399.5682389798103,9569.0,120,0,25.0,14.0,4.0,0,0,1.1801862093486228,9.0,120,0,436.0,316.0,42.0,0,0,24.975375203791383,253.0,1
2026-08-19 02:00:00-04:00,91,0,25830.0,13730.0,9296.0,0,0,1749.214814328608,13730.0,91,0,31.0,1.0,26.0,0,0,2.753426596931786,26.0,91,0,1046.0,9.0,897.0,0,0,94.9931667457984,897.0,1
2026-08-19 03:00:00-04:00,76,0,47980.0,26080.0,21900.0,0,0,2738.5366132703466,13526.0,76,0,30.0,7.0,16.0,0,0,1.720465053408525,10.0,76,0,691.0,281.0,317.0,0,0,44.85422115649267,281.0,1
2026-08-19 04:00:00-04:00,79,0,32480.0,18379.0,14101.0,0,0,1847.1345128638452,11523.0,79,0,246.0,67.0,179.0,0,0,15.62630665147958,106.0,79,0,2478.0,635.0,1843.0,0,0,158.597775639729,1167.0,7
2026-08-19 05:00:00-04:00,71,0,44105.0,20858.0,23247.0,0,0,2656.021451728283,14014.0,71,0,73.0,22.0,51.0,0,0,4.596382783654724,27.0,71,0,1511.0,701.0,810.0,0,0,106.38172410940612,635.0,1
2026-08-19 06:00:00-04:00,88,0,34138.0,15875.0,18263.0,0,1,43174.38070047866,15875.0,88,0,37.0,18.0,19.0,0,1,64.57871238886445,18.0,88,0,465.0,168.0,297.0,0,1,1264.7747730651938,170.0,3
2026-08-19 07:00:00-04:00,99,0,40181.0,23243.0,16938.0,0,0,2102.884799385766,15176.0,99,0,25.0,14.0,11.0,0,0,1.31948679332191,10.0,99,0,370.0,168.0,202.0,0,0,20.21240809666732,157.0,1
2026-08-19 08:00:00-04:00,101,0,24428.0,13126.0,11302.0,0,0,1218.526455026726,7140.0,101,0,29.0,18.0,11.0,0,0,1.4648890742988023,9.0,101,0,518.0,389.0,129.0,0,0,28.660558263927797,201.0,1
2026-08-19 09:00:00-04:00,17,9,0.0,0.0,0.0,0,0,0.0,0.0,17,9,0.0,0.0,0.0,0,0,0.0,0.0,17,9,0.0,0.0,0.0,0,0,0.0,0.0,5
2026-08-19 10:00:00-04:00,0,0,0.0,0.0,0.0,0,0,0.0,0.0,0,0,0.0,0.0,0.0,0,0,0.0,0.0,0,0,0.0,0.0,0.0,0,0,0.0,0.0,0
2026-08-19 11:00:00-04:00,0,0,0.0,0.0,0.0,0,0,0.0,0.0,0,0,0.0,0.0,0.0,0,0,0.0,0.0,0,0,0.0,0.0,0.0,0,0,0.0,0.0,0
2026-08-19 12:00:00-04:00,0,0,0.0,0.0,0.0,0,0,0.0,0.0,0,0,0.0,0.0,0.0,0,0,0.0,0.0,0,0,0.0,0.0,0.0,0,0,0.0,0.0,0
2026-08-19 13:00:00-04:00,0,0,0.0,0.0,0.0,0,0,0.0,0.0,0,0,0.0,0.0,0.0,0,0,0.0,0.0,0,0,0.0,0.0,0.0,0,0,0.0,0.0,0
2026-08-19 14:00:00-04:00,2,2,0.0,0.0,0.0,0,0,0.0,0.0,2,2,0.0,0.0,0.0,0,0,0.0,0.0,2,2,0.0,0.0,0.0,0,0,0.0,0.0,0
2026-08-19 15:00:00-04:00,96,0,25209.0,5424.0,19785.0,0,0,1599.5809511493246,13401.0,96,0,24.0,5.0,19.0,0,0,1.4936244934466705,12.0,96,0,336.0,81.0,255.0,0,0,20.486098252391752,159.0,1
2026-08-19 16:00:00-04:00,120,0,34183.0,32399.0,1784.0,0,1,2085.1467639104235,16399.0,120,0,25.0,13.0,12.0,0,0,1.2083320650768867,9.0,120,0,787.0,132.0,655.0,0,0,56.1467329195665,607.0,1
2026-08-19 17:00:00-04:00,120,0,30785.0,10839.0,19946.0,0,0,1477.7825800364512,12187.0,120,0,24.0,11.0,13.0,0,0,1.1044587398874774,7.0,120,0,764.0,267.0,497.0,0,0,38.87806748109003,326.0,1
2026-08-19 18:00:00-04:00,120,0,42164.0,11751.0,30413.0,0,1,17206.292690782175,15207.0,120,0,22.0,8.0,14.0,0,1,15.94208234226406,8.0,120,0,397.0,271.0,126.0,0,1,351.7034455443904,271.0,3
2026-08-19 19:00:00-04:00,104,0,56100.0,30304.0,25796.0,0,0,2737.704738288365,15209.0,104,0,40.0,14.0,26.0,0,0,2.141739650893288,18.0,104,0,445.0,126.0,319.0,0,0,26.70195570897638,250.0,1
2026-08-19 20:00:00-04:00,101,0,44440.0,15470.0,28970.0,0,0,2291.9577962955605,16094.0,101,0,52.0,15.0,37.0,0,0,2.7766166462081148,19.0,101,0,577.0,256.0,321.0,0,0,30.31694410721503,202.0,1
2026-08-19 21:00:00-04:00,78,0,17184.0,11309.0,5875.0,0,0,1170.5777505989658,8206.0,78,0,17.0,14.0,3.0,0,0,1.1353056299228228,7.0,78,0,775.0,625.0,150.0,0,0,51.98035034893839,377.0,1
2026-08-19 22:00:00-04:00,81,0,45155.0,31464.0,13691.0,0,0,2654.4641777755733,16108.0,81,0,44.0,37.0,7.0,0,0,3.452897334123909,30.0,81,0,710.0,438.0,272.0,0,0,49.40707818723953,375.0,1
2026-08-19 23:00:00-04:00,69,0,52520.0,28008.0,24512.0,0,0,3186.716758508973,16107.0,69,0,19.0,8.0,11.0,0,0,1.1612061203676285,7.0,69,0,377.0,104.0,273.0,0,0,27.62641203393072,210.0,1
2026-08-20 00:00:00-04:00,75,9,28375.0,27240.0,1135.0,0,0,2384.8758527722352,15832.0,75,9,14.0,12.0,2.0,0,0,1.0596415604752347,6.0,75,9,273.0,264.0,9.0,0,0,25.334804275784485,195.0,5
2026-08-20 01:00:00-04:00,0,0,0.0,0.0,0.0,0,0,0.0,0.0,0,0,0.0,0.0,0.0,0,0,0.0,0.0,0,0,0.0,0.0,0.0,0,0,0.0,0.0,0
2026-08-20 02:00:00-04:00,0,0,0.0,0.0,0.0,0,0,0.0,0.0,0,0,0.0,0.0,0.0,0,0,0.0,0.0,0,0,0.0,0.0,0.0,0,0,0.0,0.0,0
2026-08-20 03:00:00-04:00,42,2,899.0,0.0,899.0,0,0,142.0976458633105,899.0,42,4,4.0,0.0,4.0,0,0,0.6486486486486487,4.0,42,4,810.0,0.0,810.0,0,0,131.35135135135133,810.0,0
2026-08-20 04:00:00-04:00,120,0,47739.0,20445.0,27294.0,0,0,2182.045479809046,14076.0,120,0,27.0,18.0,9.0,0,0,1.312108923985333,11.0,120,0,740.0,526.0,214.0,0,0,36.85428031509989,280.0,1
2026-08-20 05:00:00-04:00,120,0,58918.0,31524.0,27394.0,0,0,2667.88793746839,16094.0,120,0,69.0,18.0,51.0,0,0,3.558622616931528,28.0,120,0,727.0,227.0,500.0,0,0,36.81723881849265,253.0,1
2026-08-20 06:00:00-04:00,120,0,21012.0,8238.0,12774.0,0,1,36230.3712340968,9435.0,120,0,18.0,7.0,11.0,0,1,28.145969652062544,7.0,120,0,287.0,87.0,200.0,0,1,529.9870979452414,130.0,3
2026-08-20 07:00:00-04:00,120,0,26375.0,19528.0,6847.0,0,0,1457.767521500273,13039.0,120,0,14.0,12.0,2.0,0,0,0.8217267184424965,8.0,120,0,483.0,351.0,132.0,0,0,25.810978745991036,229.0,1
2026-08-20 08:00:00-04:00,81,0,25144.0,3226.0,16259.0,0,0,1528.6841678384717,11311.0,81,0,32.0,5.0,21.0,0,0,1.9659603251337496,15.0,81,0,722.0,192.0,349.0,0,0,40.876330253583184,244.0,1
2026-08-20 09:00:00-04:00,120,0,27923.0,11911.0,16012.0,0,0,1302.628806761786,10000.0,120,0,22.0,11.0,11.0,0,0,1.0449268122384558,8.0,120,0,536.0,168.0,368.0,0,0,26.713190003460944,229.0,1
2026-08-20 10:00:00-04:00,120,0,40875.0,23914.0,16961.0,0,0,1970.1944828522087,15234.0,120,0,203.0,185.0,18.0,0,0,16.282357798610043,178.0,120,0,1747.0,1301.0,446.0,0,0,117.21795634758504,1238.0,7
2026-08-20 11:00:00-04:00,120,0,38298.0,18724.0,19574.0,0,0,1898.2457816056535,14211.0,120,0,15.0,4.0,11.0,0,0,0.8255848128279082,8.0,120,0,249.0,145.0,104.0,0,0,14.256351435273604,136.0,1
2026-08-20 12:00:00-04:00,120,0,42088.0,21503.0,20585.0,0,0,1921.2703383844373,13106.0,120,0,25.0,14.0,11.0,0,0,1.136661406313339,7.0,120,0,490.0,316.0,174.0,0,0,23.734234562378187,170.0,1
2026-08-20 13:00:00-04:00,72,10,20340.0,20340.0,0.0,0,0,1888.0859639761147,13118.0,72,10,13.0,13.0,0.0,0,0,1.1610446694836571,7.0,72,10,191.0,191.0,0.0,0,0,18.520237411143444,136.0,5
2026-08-20 14:00:00-04:00,99,0,14011.0,0.0,14011.0,0,0,1327.9578495130402,13197.0,99,0,8.0,0.0,8.0,0,0,0.5655676106347354,4.0,99,0,654.0,0.0,654.0,0,0,59.84721627717212,593.0,1
2026-08-20 15:00:00-04:00,120,0,37885.0,16382.0,21503.0,0,0,1805.042780894319,14838.0,120,0,28.0,24.0,4.0,0,0,1.804317335711373,19.0,120,0,516.0,454.0,62.0,0,0,38.4623088035928,418.0,1
2026-08-20 16:00:00-04:00,104,0,38918.0,18865.0,20053.0,0,0,1925.208256329293,12382.0,104,0,90.0,15.0,75.0,0,0,7.221434668597712,73.0,104,0,817.0,177.0,640.0,0,0,60.71855527016088,607.0,1
2026-08-20 17:00:00-04:00,76,0,36878.0,20877.0,16001.0,0,0,2138.5546880908973,12200.0,76,0,62.0,50.0,12.0,0,0,4.9889834190499736,42.0,76,0,687.0,502.0,185.0,0,0,47.595809339338544,379.0,1
2026-08-20 18:00:00-04:00,84,0,29191.0,5438.0,23753.0,0,1,40553.11067602355,14218.0,84,0,18.0,3.0,15.0,0,1,57.97010957637311,10.0,84,0,522.0,47.0,475.0,0,1,810.8643343931374,281.0,3
2026-08-20 19:00:00-04:00,71,0,49012.0,29310.0,19702.0,0,0,2944.519116554535,15123.0,71,0,22.0,7.0,15.0,0,0,1.4884590031578409,11.0,71,0,241.0,72.0,169.0,0,0,15.499894667186537,102.0,1
2026-08-20 20:00:00-04:00,56,0,1616.0,899.0,717.0,0,0,152.24435990855926,899.0,56,0,9.0,2.0,7.0,0,0,0.9679150293968118,7.0,56,0,1581.0,895.0,686.0,0,0,149.31202450290806,895.0,7
2026-08-20 21:00:00-04:00,68,0,14905.0,2154.0,12751.0,0,0,1351.1789802492522,10831.0,68,0,15.0,8.0,7.0,0,0,1.207203447993504,8.0,68,0,2255.0,2000.0,255.0,0,0,243.55811174784,2000.0,7
2026-08-20 22:00:00-04:00,110,0,46040.0,24032.0,22008.0,0,0,2286.023986759853,16068.0,110,0,33.0,25.0,8.0,0,0,1.854845314433629,17.0,110,0,605.0,491.0,114.0,0,0,34.7880835440861,305.0,1
2026-08-20 23:00:00-04:00,98,0,44969.0,28057.0,16912.0,0,0,2324.287105692081,16061.0,98,0,42.0,25.0,17.0,0,0,2.2333333068952186,14.0,98,0,646.0,323.0,323.0,0,0,36.17936035119202,272.0,1
2026-08-21 00:00:00-04:00,80,0,44377.0,23177.0,21200.0,0,0,2435.104581274346,11736.0,80,0,19.0,9.0,10.0,0,0,1.093307487680465,7.0,80,0,345.0,168.0,177.0,0,0,22.074200081663506,150.0,1
2026-08-21 01:00:00-04:00,91,0,40378.0,17694.0,22684.0,0,0,2213.039916851986,14330.0,91,0,21.0,13.0,8.0,0,0,1.174260996920569,8.0,91,0,358.0,271.0,87.0,0,0,21.354665260665215,165.0,1
2026-08-21 02:00:00-04:00,87,0,28775.0,21024.0,7751.0,0,0,1842.0771161413927,13703.0,87,0,13.0,8.0,5.0,0,0,0.8143686648787504,5.0,87,0,385.0,223.0,162.0,0,0,24.6013455598096,162.0,1
2026-08-21 03:00:00-04:00,75,0,39592.0,18647.0,20945.0,0,0,2327.853250534985,14186.0,75,0,27.0,20.0,7.0,0,0,1.82752472031437,12.0,75,0,396.0,210.0,186.0,0,0,22.98673673537453,123.0,1
2026-08-21 04:00:00-04:00,74,0,28023.0,23729.0,4294.0,0,0,2124.219424372713,16707.0,74,0,55.0,47.0,8.0,0,0,5.052548039987181,43.0,74,0,793.0,587.0,206.0,0,0,52.82182899441179,374.0,1
2026-08-21 05:00:00-04:00,104,0,29045.0,16594.0,12451.0,0,0,1567.6176129682472,10683.0,104,0,94.0,36.0,58.0,0,0,5.202887167337828,45.0,104,0,958.0,387.0,571.0,0,0,49.9206817368996,402.0,1
2026-08-21 06:00:00-04:00,94,0,11181.0,9832.0,1349.0,0,1,41243.24007583335,9832.0,94,0,76.0,58.0,18.0,0,1,41.687932138392966,58.0,94,0,1667.0,661.0,1006.0,0,1,1037.148226286022,661.0,3
2026-08-21 07:00:00-04:00,97,0,21856.0,19672.0,2184.0,0,0,1456.5779220678703,12115.0,97,0,25.0,21.0,4.0,0,0,1.6785707689546154,15.0,97,0,653.0,388.0,265.0,0,0,38.331780709045965,265.0,1
2026-08-21 08:00:00-04:00,98,0,13441.0,11000.0,1048.0,0,0,1122.2964022849685,11000.0,98,0,58.0,28.0,8.0,0,0,3.0852485532529026,22.0,98,0,3091.0,629.0,2462.0,0,0,183.3714403369764,1379.0,7
2026-08-21 09:00:00-04:00,64,13,6207.0,5207.0,1000.0,0,1,748.6981650839007,5207.0,64,13,14.0,11.0,3.0,0,0,1.5879546593023368,11.0,64,13,904.0,737.0,167.0,0,0,105.32935773088144,737.0,4
2026-08-21 10:00:00-04:00,93,0,36171.0,7184.0,18384.0,0,0,1885.9068126568504,11243.0,93,0,27.0,2.0,14.0,0,0,1.638782975513157,11.0,93,0,1005.0,33.0,312.0,0,0,74.63465125058725,660.0,1
2026-08-21 11:00:00-04:00,88,0,40155.0,16118.0,24037.0,0,0,2192.097928420257,14507.0,88,0,15.0,7.0,8.0,0,0,0.8737144454703399,6.0,88,0,242.0,140.0,102.0,0,0,14.66987317667353,116.0,1
2026-08-21 12:00:00-04:00,83,0,45084.0,23989.0,21095.0,0,0,2466.3317455282845,13807.0,83,0,15.0,5.0,10.0,0,0,0.871332715994939,6.0,83,0,172.0,76.0,96.0,0,0,10.369525891856954,69.0,1
2026-08-21 13:00:00-04:00,79,0,41988.0,25460.0,16528.0,0,0,2514.1300392070807,14802.0,79,0,24.0,11.0,13.0,0,0,1.4079234782863943,9.0,79,0,429.0,232.0,197.0,0,0,24.536080183461063,154.0,1
2026-08-21 14:00:00-04:00,70,0,37800.0,20835.0,16965.0,0,0,2411.40596403373,15332.0,70,0,44.0,38.0,6.0,0,0,3.362068956231657,24.0,70,0,608.0,530.0,78.0,0,0,45.23346054118544,266.0,1
2026-08-21 15:00:00-04:00,98,0,46255.0,20571.0,25684.0,0,0,2318.018906150676,13552.0,98,0,39.0,17.0,22.0,0,0,2.0939766036879286,16.0,98,0,398.0,182.0,216.0,0,0,20.22985674286281,132.0,1
2026-08-21 16:00:00-04:00,69,0,32253.0,13462.0,18791.0,0,0,2151.1044718343355,12268.0,69,0,25.0,11.0,14.0,0,0,1.5987532988946869,9.0,69,0,469.0,288.0,181.0,0,0,29.765821154413658,197.0,1
2026-08-21 17:00:00-04:00,78,0,32756.0,10223.0,22533.0,0,0,1984.959191963272,13750.0,78,0,92.0,27.0,65.0,0,0,5.797534095236315,42.0,78,0,1090.0,258.0,832.0,0,0,69.52455698735089,471.0,1
2026-08-21 18:00:00-04:00,81,0,32877.0,16355.0,16522.0,0,1,42305.12036260357,16355.0,81,0,50.0,21.0,29.0,0,1,49.07962280824904,23.0,81,0,666.0,189.0,477.0,0,1,1215.6897681974624,341.0,3
2026-08-21 19:00:00-04:00,106,0,40697.0,23859.0,16838.0,0,0,1989.5824050729752,14582.0,106,0,45.0,31.0,14.0,0,0,2.357792118374601,19.0,106,0,619.0,326.0,293.0,0,0,31.532877418285885,218.0,1
2026-08-21 20:00:00-04:00,109,0,46582.0,26800.0,19782.0,0,0,2270.2643411438694,14691.0,109,0,34.0,25.0,9.0,0,0,1.823956566999072,14.0,109,0,588.0,373.0,215.0,0,0,29.89498079181871,238.0,1
2026-08-21 21:00:00-04:00,87,0,51257.0,27296.0,23961.0,0,0,2718.0972546822727,14251.0,87,0,29.0,13.0,16.0,0,0,1.6954828160286235,12.0,87,0,498.0,250.0,248.0,0,0,26.95565534961456,165.0,1
2026-08-21 22:00:00-04:00,86,0,57275.0,29528.0,27747.0,0,1,3038.118438251592,15000.0,86,0,49.0,36.0,13.0,0,0,2.883529171766616,19.0,86,0,449.0,341.0,108.0,0,0,27.060547259674543,186.0,1
2026-08-21 23:00:00-04:00,79,0,36014.0,16847.0,19167.0,0,0,2194.10475813664,14055.0,79,0,30.0,17.0,13.0,0,0,1.7775723089678983,12.0,79,0,451.0,242.0,209.0,0,0,25.08786990370172,138.0,1
2026-08-22 00:00:00-04:00,67,0,43695.0,23870.0,19825.0,0,1,2833.866402130483,16000.0,67,0,87.0,14.0,73.0,0,0,7.853119609639585,63.0,67,0,971.0,114.0,857.0,0,0,94.58053569241449,767.0,1
2026-08-22 01:00:00-04:00,87,0,33258.0,12228.0,21030.0,0,0,1979.253721535743,12065.0,87,0,72.0,14.0,58.0,0,0,5.34802825025213,48.0,87,0,1010.0,363.0,647.0,0,0,63.6812896559457,530.0,1
2026-08-22 02:00:00-04:00,76,0,37037.0,17060.0,19977.0,0,0,2225.3950982441047,13636.0,76,0,60.0,48.0,12.0,0,0,4.769346566005314,40.0,76,0,740.0,569.0,171.0,0,0,49.03613180321448,359.0,1
2026-08-22 03:00:00-04:00,84,0,51690.0,24014.0,27676.0,0,0,2771.247760922306,14250.0,84,0,20.0,10.0,10.0,0,0,1.1149624386755927,7.0,84,0,364.0,223.0,141.0,0,0,21.585822726464293,160.0,1
2026-08-22 04:00:00-04:00,118,0,44752.0,18285.0,26467.0,0,0,2149.646071540085,13629.0,118,0,13.0,3.0,10.0,0,0,0.7253384447616112,7.0,118,0,158.0,42.0,116.0,0,0,8.155870665545041,65.0,1
2026-08-22 05:00:00-04:00,98,0,34923.0,20783.0,14140.0,0,1,1815.6015658197716,12324.0,98,0,33.0,22.0,11.0,0,0,1.838234237556979,15.0,98,0,529.0,258.0,271.0,0,0,27.49358711302283,178.0,1
2026-08-22 06:00:00-04:00,89,0,19965.0,5786.0,14179.0,0,1,54253.14196051397,8647.0,89,0,28.0,4.0,24.0,0,1,56.9889241359543,18.0,89,0,668.0,221.0,447.0,0,1,764.530900237103,319.0,3
2026-08-22 07:00:00-04:00,120,0,37711.0,20201.0,17510.0,0,0,1749.0978966358923,13127.0,120,0,38.0,22.0,16.0,0,0,1.7960403371284095,13.0,120,0,486.0,282.0,204.0,0,0,22.866282774680347,174.0,1
2026-08-22 08:00:00-04:00,103,0,37709.0,16475.0,21234.0,0,1,1871.5929271525151,10795.0,103,0,22.0,7.0,15.0,0,0,1.2096624953087989,10.0,103,0,303.0,123.0,180.0,0,0,16.428965264251403,129.0,1
2026-08-22 09:00:00-04:00,97,0,29546.0,9738.0,19808.0,0,0,1587.4864860262503,11803.0,97,0,11.0,4.0,7.0,0,0,0.5928355531305083,4.0,97,0,277.0,66.0,211.0,0,0,17.23179582418469,154.0,1
2026-08-22 10:00:00-04:00,77,0,47067.0,25864.0,21203.0,0,0,2781.454508837043,16000.0,77,0,34.0,14.0,20.0,0,0,2.015693277902597,13.0,77,0,367.0,157.0,210.0,0,0,20.995856833078395,117.0,1
2026-08-22 11:00:00-04:00,74,0,20126.0,15317.0,4809.0,0,0,1370.5929892031832,8719.0,74,0,21.0,17.0,4.0,0,0,1.5123188405471322,11.0,74,0,361.0,328.0,33.0,0,0,31.55724974168612,263.0,1
2026-08-22 12:00:00-04:00,80,0,0.0,0.0,0.0,0,0,0.0,0.0,80,0,0.0,0.0,0.0,0,0,0.0,0.0,80,0,0.0,0.0,0.0,0,0,0.0,0.0,0
2026-08-22 13:00:00-04:00,87,0,0.0,0.0,0.0,0,0,0.0,0.0,87,0,0.0,0.0,0.0,0,0,0.0,0.0,87,0,0.0,0.0,0.0,0,0,0.0,0.0,0
2026-08-22 14:00:00-04:00,91,0,0.0,0.0,0.0,0,0,0.0,0.0,91,0,0.0,0.0,0.0,0,0,0.0,0.0,91,0,0.0,0.0,0.0,0,0,0.0,0.0,0
2026-08-22 15:00:00-04:00,91,0,0.0,0.0,0.0,0,0,0.0,0.0,91,0,0.0,0.0,0.0,0,0,0.0,0.0,91,0,0.0,0.0,0.0,0,0,0.0,0.0,0
2026-08-22 16:00:00-04:00,103,0,0.0,0.0,0.0,0,0,0.0,0.0,103,0,0.0,0.0,0.0,0,0,0.0,0.0,103,0,0.0,0.0,0.0,0,0,0.0,0.0,0
2026-08-22 17:00:00-04:00,84,0,0.0,0.0,0.0,0,0,0.0,0.0,84,0,0.0,0.0,0.0,0,0,0.0,0.0,84,0,0.0,0.0,0.0,0,0,0.0,0.0,0
2026-08-22 18:00:00-04:00,86,0,0.0,0.0,0.0,1,1,20809.50814579803,0.0,86,0,0.0,0.0,0.0,0,1,16.820748433249666,0.0,86,0,0.0,0.0,0.0,1,0,281.5318856359929,0.0,8
2026-08-22 19:00:00-04:00,72,0,0.0,0.0,0.0,0,0,0.0,0.0,72,0,0.0,0.0,0.0,0,0,0.0,0.0,72,0,0.0,0.0,0.0,0,0,0.0,0.0,0
2026-08-22 20:00:00-04:00,90,0,0.0,0.0,0.0,0,0,0.0,0.0,90,0,0.0,0.0,0.0,0,0,0.0,0.0,90,0,0.0,0.0,0.0,0,0,0.0,0.0,0
2026-08-22 21:00:00-04:00,44,6,0.0,0.0,0.0,0,0,0.0,0.0,44,6,0.0,0.0,0.0,0,0,0.0,0.0,44,6,0.0,0.0,0.0,0,0,0.0,0.0,5
2026-08-22 22:00:00-04:00,0,0,0.0,0.0,0.0,0,0,0.0,0.0,0,0,0.0,0.0,0.0,0,0,0.0,0.0,0,0,0.0,0.0,0.0,0,0,0.0,0.0,0
2026-08-22 23:00:00-04:00,2,2,0.0,0.0,0.0,0,0,0.0,0.0,2,2,0.0,0.0,0.0,0,0,0.0,0.0,2,2,0.0,0.0,0.0,0,0,0.0,0.0,0
